de	21
het	26
een	71
van	79
is	92
en	100
in	118
dat	119
op	184
te	191
zijn	208
niet	216
met	226
voor	248
die	281
hij	293
er	299
ze	319
maar	337
als	357
om	377
aan	389
was	434
naar	502
dan	511
dit	513
ook	556
wat	574
nog	582
heeft	599
bij	677
uit	680
kan	712
over	724
of	725
geen	755
hebben	767
wel	795
zo	803
haar	830
door	867
al	868
deze	875
meer	923
zou	1013
waar	1019
nu	1071
had	1097
kunnen	1114
hem	1126
moet	1132
je	1166
tot	1184
worden	1195
daar	1225
goed	1230
gaan	1232
hier	1254
gaat	1270
veel	1282
wordt	1294
ik	1394
jaar	1410
twee	1421
dus	1433
alleen	1470
wil	1505
hun	1534
weer	1540
tegen	1564
zal	1576
mensen	1581
zich	1620
komt	1645
werd	1649
andere	1675
toen	1678
tijd	1719
maken	1727
omdat	1747
zien	1749
na	1768
komen	1772
doen	1779
hoe	1809
we	1812
moeten	1835
mee	1851
toch	1891
terug	1913
waren	1958
zij	1992
iets	1999
af	2019
zoals	2054
leven	2101
staat	2120
eerste	2147
weg	2177
onder	2229
laten	2241
man	2251
alle	2264
keer	2308
nieuwe	2400
altijd	2402
dag	2437
één	2446
net	2451
drie	2477
heel	2486
grote	2523
kwam	2533
binnen	2653
wie	2675
elkaar	2681
kon	2693
steeds	2729
nooit	2752
sportvisserij	2755
laat	2758
ging	2762
alles	2888
zelf	2911
huis	2930
werk	2946
toe	2952
nodig	3019
zonder	3021
laatste	3032
eigen	3083
uur	3101
samen	3148
eens	3207
lang	3222
vinden	3251
vrouw	3297
tussen	3321
krijgen	3348
kinderen	3379
snel	3383
volgens	3422
maakt	3451
staan	3452
eerst	3463
verder	3470
weet	3555
zelfs	3578
achter	3633
zo'n	3649
hele	3652
geven	3722
hadden	3729
moest	3733
erg	3740
plaats	3748
niets	3750
even	3793
blijven	3799
geld	3886
doet	3902
wanneer	3905
zit	3905
weten	3915
houden	3920
beter	3923
goede	4035
werken	4038
mag	4055
anders	4057
want	4101
mijn	4102
wilde	4109
naam	4110
nemen	4125
gezien	4136
echt	4154
bijna	4202
gemaakt	4204
zeker	4228
later	4233
geweest	4374
willen	4395
catalog	4416
wereld	4429
vier	4439
gedaan	4476
sinds	4480
mogelijk	4493
zouden	4514
enige	4526
daarom	4549
jaren	4558
stad	4565
iemand	4566
groot	4570
zeggen	4575
zullen	4578
elke	4597
hen	4646
per	4649
lijkt	4651
iedereen	4661
dagen	4707
ligt	4718
tijdens	4737
vader	4739
land	4750
auto	4756
moment	4759
zegt	4760
krijgt	4762
kleine	4779
zitten	4784
soms	4856
geeft	4872
eerder	4896
vijf	4912
buiten	4913
vaak	4942
rond	4949
paar	4964
beste	4983
ziet	4987
kreeg	5037
soort	5055
manier	5061
pas	5075
diptera	5187
oude	5188
tweede	5198
spelen	5217
terwijl	5251
deed	5265
gewoon	5286
werden	5318
deel	5359
volgende	5365
dood	5398
open	5404
allemaal	5410
helemaal	5456
ben	5458
blijft	5462
moeder	5475
vanaf	5489
water	5499
genoeg	5501
familie	5569
vast	5596
vindt	5603
zei	5762
boven	5794
ons	5798
minder	5820
zodat	5820
begin	5821
me	5824
hand	5834
politie	5874
vond	5908
wist	5916
mannen	5949
duidelijk	5979
s	6018
maanden	6027
gebruiken	6039
hengelsportzaken	6039
vraag	6045
ooit	6098
gebruikt	6109
mwp	6120
verenigde staten	6120
zeer	6136
onderzoek	6178
week	6192
zorgen	6225
excuseer	6230
welke	6239
vrij	6255
onze	6292
zie	6297
enkele	6300
brengen	6320
stond	6348
maakte	6365
kans	6436
daarna	6443
vrouwen	6474
ten	6498
gevonden	6537
zag	6603
betekent	6604
vragen	6663
the	6668
problemen	6703
eigenlijk	6715
minuten	6796
school	6811
werkt	6829
miljoen	6843
verhaal	6852
zes	6873
nieuw	6930
tien	6930
geval	6932
plek	6936
via	6938
juist	7018
dezelfde	7037
waarom	7064
ander	7068
vooral	7068
gaf	7083
opnieuw	7093
team	7128
houdt	7134
zaken	7140
bekend	7189
gebruik	7191
kant	7265
laminaatvloer	7268
halen	7277
helpen	7287
trapopgang	7330
vandaag	7353
zoon	7385
waarschijnlijk	7403
zetten	7477
kind	7538
komaan	7539
liggen	7541
langs	7548
ter	7565
nadat	7568
plan	7582
liet	7592
druk	7607
klein	7613
elk	7632
belangrijk	7635
hoofd	7666
handen	7678
donkiz	7707
thuis	7726
misschien	7758
daarmee	7783
probleem	7794
hetzelfde	7814
weinig	7815
idee	7841
den haag	7854
landoppervlakte	7854
reden	7892
ongeveer	7896
weken	7936
naast	7957
denken	7959
oorlog	7967
geleden	7977
nummer	7984
horen	8003
meteen	8036
ouders	8049
inbouwapparatuur	8104
lopen	8122
bedrijf	8142
neemt	8144
tom poes	8160
gelijk	8173
kwamen	8246
aantal	8262
vroeg	8281
inloopdouche	8322
konden	8328
u	8390
natuurlijk	8414
grootste	8420
lange	8430
hulp	8443
graag	8452
einde	8455
schuifpui	8474
mogen	8501
zaak	8541
men	8548
geworden	8557
slechts	8579
nam	8594
boekbeschrijvingen	8603
begon	8604
beide	8615
voordat	8616
stuk	8621
zat	8676
zoek	8683
meest	8700
zdh	8708
ervan	8726
vanwege	8733
niemand	8737
kamer	8742
bezig	8753
gehad	8753
meter	8763
kijken	8774
best	8796
valt	8800
sommige	8844
moeilijk	8896
groep	8967
kwp	8980
heen	8998
zichzelf	9023
vanuit	9029
google-advertenties	9048
hanglamp	9049
precies	9057
vrienden	9107
apple watch	9135
informatie	9163
anderen	9171
langendoen	9252
meeste	9258
heb	9264
ervoor	9339
tauw	9340
boek	9344
wastafelmeubel	9352
atalante	9361
loopt	9376
derde	9392
oud	9393
eten	9424
echte	9429
wij	9429
bouwweb	9440
enkel	9474
gegeven	9474
licht	9485
verschillende	9521
ogen	9558
uiteindelijk	9569
vallen	9573
begint	9592
rijden	9595
vol	9627
dingen	9629
dochter	9630
gekomen	9655
stellen	9691
langer	9697
gebeurt	9728
buurt	9924
zet	9929
beginnen	9950
spambots	9961
zoeken	9961
speeleiland	9962
edelachtbare	9968
muziek	9981
grond	10010
gaskookplaat	10082
mij	10092
recht	10122
rest	10139
zooals	10149
pogacar	10155
sterk	10177
hoop	10194
maand	10241
acht	10249
ruimte	10252
lichaam	10254
slecht	10257
eind	10259
bestaat	10268
jonge	10268
film	10279
extra	10329
zoveel	10415
nacht	10425
doel	10462
genomen	10464
klaar	10474
club	10484
uurgrafiek	10507
wedstrijd	10554
gingen	10556
gebied	10595
amerikaanse	10598
direct	10598
vorige	10608
orde	10622
prijs	10669
ver	10708
advendo	10715
persoon	10719
betalen	10721
zeven	10729
punt	10829
delen	10845
adn	10939
chiptuning	10956
zelensky	10970
vertelt	11016
contact	11032
verloren	11078
mulklé	11101
mocht	11108
evenepoel	11110
t	11113
ziekenhuis	11179
proberen	11184
volledig	11200
ieder	11206
los	11238
nieuws	11247
succes	11267
agriturismo	11279
beursanalyse	11288
foto	11297
avond	11313
mrt	11337
sierbestrating	11356
erop	11385
speelt	11389
marechausseenostalgie	11452
denkt	11501
stoppen	11535
wachten	11573
bleef	11588
president	11610
woord	11626
spreken	11718
waarin	11731
spel	11733
egvv	11742
groepsaccommodatie	11752
begonnen	11801
toekomst	11830
jongen	11831
gezegd	11836
kent	11840
daarvoor	11846
leger	11853
volgen	11872
dienst	11878
huider	11880
moesten	11897
winnen	11954
hoog	11959
zin	11960
leiden	11961
situatie	12003
gebracht	12008
beetje	12021
baan	12036
nwwi	12043
slagwerkkrant	12069
leren	12088
westfries	12098
geboortekaartjes	12136
kort	12190
heer bommel	12201
hield	12324
waarop	12324
hard	12326
wonen	12326
dicht	12374
rust	12378
bergzolder	12384
kennen	12408
vriend	12415
hoge	12421
vroeger	12424
viel	12449
namen	12494
dollar	12513
zijtaart	12524
helft	12528
waardoor	12529
mens	12577
koning	12586
richting	12638
gekregen	12649
basis	12662
auto's	12771
pi-nl	12775
afgelopen	12780
dacht	12806
half	12822
congrescentra	12859
dga	12864
straat	12869
vertellen	12892
aandacht	12948
zwarte	12948
zorg	12987
rol	12998
apr	13020
bedrukking	13026
certiq	13037
duivensport	13047
hart	13057
rode	13080
der	13136
vraagt	13164
raad	13177
hasjem	13223
totaal	13250
band	13258
betrokken	13293
kop	13314
broer	13322
woorden	13330
lag	13333
normaal	13343
waarmee	13354
duindigt	13366
lucht	13383
gebouw	13402
hoogte	13403
noodig	13415
plannen	13419
waarvan	13454
brengt	13461
new	13489
kracht	13510
liefde	13514
brand	13515
bijgeleverde	13519
combiketel	13533
kopen	13558
wet	13577
bank	13578
ooglaserkliniek	13613
mooie	13616
liep	13633
vele	13639
velux	13647
vergelijkingslijst	13649
mooi	13651
kilometer	13659
gegaan	13668
kerk	13679
voorbij	13717
daarvan	13745
janbik	13750
meestal	13771
zwaar	13801
projectgroep	13802
gebeuren	13816
trekken	13820
neer	13840
iedere	13848
gebeurde	13855
gevallen	13858
belangrijke	13865
schrijven	13879
gehouden	13948
geboren	14004
zoekplaatje	14014
relatie	14036
veilig	14042
gorkom	14079
plaatsen	14083
hengelsport	14089
kwartiergrafiek	14107
lijst	14113
dieren	14117
blijkt	14127
meisje	14163
verwacht	14183
quantity	14189
werkvormen	14205
leggen	14210
jong	14215
geene	14270
holotype	14295
hoewel	14306
inderdaad	14312
bart de wever	14355
new york	14390
kiezen	14395
bandenlabel	14431
bracht	14440
gezet	14456
groter	14463
bestaan	14487
hindrik	14489
keuze	14520
loop	14520
hoeft	14528
alsof	14534
oogenblik	14546
juiste	14567
deur	14586
vca	14608
wandafwerking	14626
witte	14629
lijn	14642
regering	14649
beeld	14652
aarde	14656
bestratingen	14661
slag	14734
geschiedenis	14760
restschuld	14767
midden	14772
rechter	14812
verlaten	14813
powiat	14826
bijvoorbeeld	14829
systeem	14856
combimagnetron	14864
diaconie	14869
gelukkig	14885
werkte	14897
inloggenuw	14906
klantcontact	14914
liberte	14924
nefit	14943
verleden	14944
probeert	14981
structuurvisie	14990
heet	15014
vo-raad	15018
noemen	15034
gesproken	15065
veranderen	15084
hoort	15087
gevraagd	15108
controle	15109
kinderlamp	15140
peter	15140
regels	15169
pakken	15173
voorkomen	15173
slechte	15178
leeftijd	15196
meerdere	15204
vorm	15239
schip	15248
verkocht	15258
blij	15273
zooveel	15283
vertrouwen	15285
overal	15296
aanval	15306
jongens	15306
programma	15327
gezin	15332
landen	15367
ene	15387
gebeurd	15394
kaart	15434
rafah	15455
vlak	15475
vertaalbureau	15503
zee	15565
doeksen	15569
leek	15580
fnrs	15588
verschil	15642
telpost	15716
tpu	15726
klootzakken	15729
behalve	15735
gevoel	15740
a	15760
dragen	15783
bouwnieuws	15790
gang	15802
chatgpt	15845
praten	15857
kinderlampen	15863
strijd	15871
dankzij	15884
gezicht	15925
qoq	15939
godverdomme	15946
feit	15964
stelt	15967
lijken	15968
wandlamp	15991
gewonnen	16007
bang	16041
doden	16053
koksonline	16095
kosten	16109
voelt	16141
start	16155
lezen	16168
zware	16194
speciale	16214
stap	16226
macht	16262
deerns	16276
doornuitsteeksels	16329
bepaalde	16334
god	16350
kregen	16362
ruim	16369
puppycursus	16416
oog	16419
geraakt	16441
verenigd koninkrijk	16448
negen	16503
lieropse	16613
procent	16628
boeken	16633
duitse	16650
raampartij	16670
staartwervels	16692
bereiken	16719
dorp	16719
kennis	16742
wvf	16754
rekening	16759
john	16767
verkopen	16767
baarsjes	16775
top	16781
burgemeester	16799
sluiten	16820
frankeerzegels	16831
ondanks	16838
park	16864
afstand	16873
lectoraat	16881
middenspel	16899
raakte	16953
zorgt	16966
positie	16974
trapkast	16994
genoemd	17021
actie	17022
ergens	17045
erin	17055
bakwagens	17064
wilden	17068
geloof	17102
designradiator	17104
soortaanduiding	17145
bouwen	17150
gietvloer	17151
inbouwspots	17169
kastenwand	17180
zomer	17213
publiek	17249
hoeveel	17269
topstaat	17279
vispas	17304
slachtoffer	17325
zorgaccent	17330
afferden	17336
arbowet	17341
beleggingspand	17350
bisjavascript	17359
rij	17365
fout	17374
douwe's	17388
airpods	17390
energie	17400
tweede kamer	17411
sneller	17415
gesloten	17438
hoekopstelling	17455
terecht	17456
bijzonder	17461
korfrakkers	17479
hiermee	17508
ongeluk	17577
spoedorder	17581
belangrijkste	17587
betreft	17592
schreef	17596
winkelwagentoegevoegd	17642
vonden	17644
aanbeet	17652
bedraagd	17670
overleden	17670
rug	17683
excl	17724
links	17732
graafmachineverhuur	17747
bezoek	17767
korte	17777
loopdeur	17803
olympische spelen	17805
antwoord	17811
methodieken	17814
punten	17818
makkelijk	17820
nvph	17824
daardoor	17826
speelde	17838
gesprek	17867
parijs	17896
staafmixer	17899
liever	17923
verliezen	17932
verwerkingen	17948
wasapparatuur	17960
belang	17993
artez	17997
autotransporters	18000
paul	18020
buispalen	18033
enorme	18036
garneer	18076
kamala harris	18095
directeur	18136
beschermen	18151
besloten	18166
myllesweerd	18174
nieuwpersbericht	18177
veranderd	18181
minister	18185
schade	18187
omgeving	18221
mis	18239
volgt	18241
vertelde	18250
leiding	18266
stemmen	18281
wandcloset	18305
kom	18306
het orgel	18321
hoger	18326
deden	18340
eindelijk	18351
cak	18365
dessins	18379
devakantiespecialist	18380
bleek	18398
festivalinfoheb	18403
beneden	18410
gaasterland	18412
stem	18438
heidajavascript	18442
huurhuiseigenaar	18451
kerstma	18466
geschreven	18469
tweede wereldoorlog	18492
gevaar	18494
probeerde	18501
universiteit	18502
vladimir poetin	18505
daarbij	18537
foto's	18546
pupjes	18549
advocaat	18552
vingegaard	18585
stadsbelangen	18587
slachtoffers	18603
vuur	18615
vakantiespecialist	18617
betere	18631
vlizotrap	18633
moeite	18635
webhosting	18649
frankrijk	18678
beursgraadmeter	18695
bezorgtarief	18698
dwerghamster	18746
hotel	18789
heiwerken	18801
seconden	18807
reed	18813
spreekt	18841
beschrijvers	18852
bal	18860
vergeten	18866
nvve	18873
ontvangen	18891
reis	18935
starrevaart	18945
m	18968
europa	18975
vloerlamp	18997
adwords	19052
bewijs	19053
rijk	19057
anssems	19059
appelscha	19061
kunt	19089
echter	19091
betaald	19102
camperplaats	19110
cattery	19112
zon	19118
brief	19152
gehaald	19177
hengelsportvereniging	19186
hindriks	19192
inductiekookplaat	19201
de politie	19203
intervisie	19209
iveco	19212
lichtstudio	19241
lsg	19245
york	19291
moord	19301
rodiamsterdam-noord	19317
eigenaar	19328
woont	19330
stihl	19354
voeren	19384
zoodat	19437
keren	19441
bieden	19447
helpt	19461
beelden	19466
besluitenlijst	19487
de man	19503
gewerkt	19534
ervaring	19561
partij	19562
project	19566
locatie	19568
gemara	19585
wacht	19592
toegang	19593
veiligheid	19604
steun	19608
harpel	19609
hpl	19623
klantgerichte	19648
kledingjavascript	19650
knaus	19651
vrije	19660
loungeset	19668
ovh	19720
proces	19729
opdracht	19787
jommeke	19788
val	19814
duurt	19818
vlucht	19824
gratis	19859
tom	19859
zitgedeelte	19866
omroep brabant	19875
speciaal	19878
risico	19887
beroepschrift	19906
rechts	19921
omhoog	19924
vaker	19925
halve	19927
e-cards	19958
verhalen	19966
ghy	19997
last	20023
tegenwoordig	20042
sturen	20045
kilometervrije	20051
mathieu van der poel	20065
niks	20071
hebt	20119
gedrag	20134
partneralimentatie	20136
photofactsontdek	20142
verantwoordelijk	20150
vriendin	20174
enorm	20195
stoffenkraam	20203
strandjes	20206
teamuitje	20215
testbank	20223
triggerpoints	20232
websiteverkeer	20267
westvoorne	20274
kwijt	20298
bovenkaaksbeen	20310
gekozen	20322
vormen	20350
dgbc	20359
zodra	20367
hond	20401
sprak	20402
franse	20410
raken	20414
aanwezig	20421
noemt	20445
heinenoord	20447
stil	20447
hengelsportverenigingen	20449
hibin	20452
inbouwkasten	20461
klijnsma	20481
tv	20481
pijn	20507
nexansnexans	20527
la	20539
goedenacht	20545
polisvoorwaarden	20569
zowel	20600
sneeuwdikte	20612
seizoen	20634
redden	20645
slaan	20645
overheid	20664
telefoon	20665
ontdekt	20667
voetbed	20682
persoonlijk	20696
www	20704
volk	20715
aanbeten	20716
politiek	20716
openai	20720
achtkarspelen	20730
max	20757
mbappé	20775
remco evenepoel	20790
goud	20793
kopecky	20825
doopgetuigen	20830
twente	20859
frezen	20875
leidt	20877
middenvoetsbeen	20877
g-d	20880
bovendien	20882
invloed	20887
eén	20897
sterke	20898
hangt	20923
hooggevoeligheid	20932
inbouwkast	20938
bent	20952
besluit	20976
mdf	21001
verloor	21004
gegevens	21013
diep	21045
april	21055
vooruit	21070
twintig	21096
kost	21106
servicedesk	21113
slagwerkgroep	21115
markt	21129
wapens	21141
kijkt	21173
lid	21180
división	21183
eerste klasse	21186
ja	21195
wortelnoten	21225
zzp-er	21241
verlies	21245
verdwenen	21249
ariëns	21262
beweging	21272
belastbaarheid	21275
buitenlandse zaken	21276
bildtse	21286
les	21289
waarbij	21290
daor	21324
niveau	21339
tegenover	21346
vervangen	21354
nogal	21356
zwart	21365
forex	21367
gennepse	21381
guesthouse	21405
wout van aert	21410
ijmond	21418
persoonlijke	21511
ommerschans	21513
ronde	21521
oock	21525
opstelten	21531
frank	21552
kalmeer	21560
grens	21578
s-gravendeel	21581
onderzoeken	21618
partner	21621
indruk	21630
veld	21654
twaalf	21686
klanten	21687
schuld	21729
zuigtechniek	21740
bed	21743
alleengebruik	21759
autominuten	21771
oplossing	21775
weekend	21777
kleur	21778
brug	21781
feest	21793
borging	21807
spreidingswet	21810
david	21818
duitsland	21829
mammie	21847
doffers	21853
boom	21874
bos	21926
nauwelijks	21937
verklaring	21939
hildo's	21942
hooren	21950
tadej	21960
loopsheid	22006
ltr	22008
trein	22011
maartensdijk	22013
ik ben	22040
staten	22044
vervolgens	22055
online-winkel	22059
zagen	22063
vertrekken	22071
lokale	22091
praemaxilla	22107
lastig	22134
z'n	22145
leeft	22158
geweld	22167
slot	22172
winkel	22172
laag	22178
joost klein	22180
tafel	22224
centrum	22234
voorzolder	22237
eenmaal	22239
staartlengte	22239
werkvoorbereider	22249
hoek	22251
zonvakantie	22267
voelen	22271
gewond	22297
het lint	22308
eeuw	22318
bekappen	22322
beroepskrachten	22332
beroepspraktijk	22333
vierde	22335
waarde	22354
draagt	22384
douchehoek	22396
bepaald	22404
ebbinge	22405
eenig	22408
bericht	22411
eriba	22418
geldverstrekker	22436
leden	22439
à	22467
isolatiewaarde	22498
bouchez	22515
knhs	22517
grotere	22522
koudschuim	22527
amerika	22530
laarbeek	22536
leerdoelen	22544
rustig	22549
gebruikte	22563
oamkb	22600
voet	22604
wees	22621
carrière	22624
photofacts	22646
predikaat	22659
bloed	22662
projectmatig	22664
zus	22668
rosolo	22699
scyedam	22717
onderweg	22751
svrz	22758
telfort	22767
geregeld	22774
toppatroon	22779
motor	22785
zondag	22816
gevangenis	22818
morgen	22826
tijden	22834
wellicht	22845
waterbouw	22849
passen	22850
vliegtuig	22854
westfriezen	22857
wft	22858
literatuurverwijzingen	22875
zuigwagen	22875
avereest	22906
klinkt	22906
tweede klasse	22923
tonen	22933
betonspecie	22936
militaire	22938
won	22958
hiervoor	22964
cjg	22975
combi-magnetron	22977
ddw	22988
dezelve	22994
duivin	23008
franchisegever	23044
gegevensoverdraagbaarheid	23054
verband	23060
gevondener	23074
bedoeld	23076
krant	23081
heele	23102
helaas	23109
ikonen	23117
contract	23130
kaleida	23139
klantomgeving	23155
geloven	23166
landerd	23174
officieel	23178
leerbedrijf	23181
leudal	23185
hebbes	23191
meisjes	23214
russische	23214
beiden	23215
gebouwd	23220
stel	23228
spoor	23241
advies	23255
onderhoudsvriendelijk	23257
zover	23257
onderhoudsvriendelijke	23258
wind	23259
padi	23290
peelga	23295
ziek	23306
quooker	23309
responsive	23328
roodfeld	23337
ruwvoer	23341
geluid	23356
namelijk	23363
spaarloon	23370
spouw	23377
steekzakken	23380
tdci	23391
mark rutte	23395
show	23397
tonershewlett	23403
tuingerichte	23412
bus	23421
utiliteitsbouw	23421
varkensland	23427
veerse	23430
vegetariërsbond	23431
verlijmen	23445
verzorgenden	23455
zaten	23470
wlz	23493
woonwensen	23494
zorgkantoor	23501
totdat	23514
adg	23520
agility	23533
autocad	23552
gespeeld	23579
eiland	23589
waarvoor	23596
dak	23597
campsite	23612
certificaatbeheer	23618
aangezien	23622
dese	23641
dewatersportwinkel	23643
vrijheid	23658
duivinnen	23659
nationale	23663
drinken	23667
gestuurd	23667
folieballon	23683
geldt	23697
vliegen	23699
weghorst	23700
smeerlap	23702
sluit	23707
zette	23718
heegeen	23732
interieurbouw	23760
wagen	23760
mening	23762
draaien	23768
led's	23805
zoekt	23828
michael	23846
nexans	23856
oefentherapie	23867
omrin	23871
raakt	23874
wisten	23886
britse	23887
huidige	23889
opgenomen	23889
lemand	23919
arresteer	23926
kun	23933
projectbeheer	23938
projectplan	23939
puppen	23942
gaten	23949
erbij	23952
remeha	23956
safaritenten	23974
stappen	23985
kijk	23992
sondel	24007
ouder	24009
stonden	24018
media	24022
derde klasse	24036
bedrijven	24038
zaterdag	24046
fenestra	24048
minuut	24063
leider	24072
koenraad	24075
kop-romplengte	24081
bekende	24099
kende	24112
wbp	24124
natuur	24127
wolphaartsdijk	24138
ziekte	24139
rood	24140
operatie	24159
volodymyr zelensky	24160
rechtbank	24164
alsdan	24177
atex	24188
voelde	24190
autobaanhellingen	24192
bakpapier	24196
mogelijkheid	24203
dentarium	24213
beracha	24217
artikel	24218
bestelproces	24220
â	24224
bewegingsonderwijs	24227
bomas	24242
breeam-nl	24259
bereikt	24269
beslissing	24270
cartridgeshewlett	24270
voorbeurs	24270
centreerring	24274
coachende	24283
d'azur	24291
noorden	24291
dekkingen	24300
toestemming	24314
estivant	24339
extenso	24346
factuurdatum	24347
foar	24353
de club	24358
jij	24358
de andere	24363
trekt	24384
akkoord	24403
hbo-niveau	24407
heiwerk	24411
hobbyruimte	24421
geluk	24422
hollum	24422
beurt	24423
hoorde	24445
draait	24452
mogelijke	24455
engeland	24459
muur	24463
kncv	24470
knmv	24471
kostenloos	24477
hangen	24494
leveringsvoorwaarden	24498
sprake	24520
nederlandcanon	24540
vs	24553
rijdt	24556
huizen	24598
duur	24603
plafondlamp	24603
wapen	24607
allen	24613
gouden	24623
bedoeling	24627
momenteel	24633
resultaatgerichte	24637
daarin	24664
tilburg	24679
stahoogte	24697
stellendam	24701
gewone	24706
politieke	24717
volledige	24738
uitneembaar	24760
vanalleswa	24767
baby	24787
voldoende	24794
visblad	24802
vloerisolatie	24806
vredesburo	24816
km	24821
type	24823
vvab	24823
werkkostenregeling	24839
werpkist	24840
winsom	24847
wob	24848
red	24849
woningwet	24851
welk	24870
hoeven	24879
aanvallen	24887
omstandigheden	24904
gekocht	24905
backoffice	24907
beeldenmarkt	24915
gewrichtsuitsteeksels	24921
boot	24925
station	24929
organisatie	24954
camera	24973
kunst	24975
clubkampioenschappen	24982
bezit	24988
cv-combiketel	24993
bureau	25005
teken	25012
model	25028
denk	25034
energieakkoord	25037
and	25038
eurocollege	25041
febr	25053
voorbeeld	25054
fotokennis	25058
alweer	25059
angst	25059
kantoor	25066
leuk	25093
honderd	25106
grondzuigen	25108
huwelijk	25115
studenten	25120
intergas	25155
internetmarketing-strategie	25156
jacobiparochie	25158
tanjung	25170
karpervissers	25172
sociale	25173
kbo-pcob	25176
kngf	25187
verkoop	25208
midsland	25248
mijnreceptenboek	25251
koop	25258
reactie	25278
ondernemingsraden	25291
tuin	25316
productinformatie	25338
ermee	25343
china	25345
onderdeel	25347
eruit	25352
gevolgd	25361
roerdalen	25361
schijfwinst	25376
spaarbaak	25400
spouwmuur	25408
springpaarden	25409
starterslening	25413
strabrechtse	25423
strandpaviljoen	25424
snelheid	25432
veroorzaakt	25461
amersfoort	25464
uniq	25470
vakantiehuis-frankrijk	25474
allerlei	25488
verwerkersovereenkomst	25501
haalde	25506
londen	25509
vlonder	25511
vmf	25513
wadvaarders	25527
webflow	25535
wenschen	25540
zulke	25555
rotzak	25564
vrijdag	25572
zomerparkfeest	25572
terrein	25575
eraan	25579
schepen	25591
flink	25602
middenhandsbeen	25608
besloot	25610
ardea	25616
arij	25617
geheel	25621
badkamermeubel	25623
mark	25627
nergens	25632
haalt	25642
botlek	25670
uw	25672
brasems	25673
waard	25675
radio	25688
ckv	25689
daarmede	25706
dancewing	25707
noemde	25723
dwerghamsters	25742
ferrysavers	25772
verkeerde	25776
versie	25780
fruitsoorten	25788
duren	25796
zuiden	25814
trok	25819
schrijft	25836
grensmaas	25848
grenswaarden	25849
hang-	25857
harfsen	25859
heemkundekring	25863
gehoord	25870
hippolytushoef	25873
internet	25879
daarop	25896
kachelsjavascript	25918
soldaten	25929
lattenbodem	25948
zolang	25952
de stad	25974
onmogelijk	25974
maffiaspel	25977
fatbike	25985
lukt	25987
mosjé	26011
mei	26042
ochtend	26061
restaurant	26066
wijze	26078
ronald koeman	26125
psv	26142
ga	26150
sneeuwcondities	26177
snelvertaler	26178
sport-thieme	26187
stoelmassage	26198
groene	26207
langzaam	26208
stand	26214
theefaciliteiten	26224
duizenden	26239
begrijpen	26247
groen	26252
vergaderlocatie	26259
video	26270
viswateren	26284
vloer-	26289
vrieswijk	26297
waer	26302
wandtegels	26305
franse leger	26325
wzh	26332
zeeklimaat	26336
maakten	26348
zóó	26349
adest	26367
gedacht	26376
amstelglorie	26383
arbeidsovereenkomsten	26394
atag	26401
bakels	26413
beteekenis	26447
bewaartermijn	26450
bouwkavel	26461
gedood	26461
bruinisse	26476
ciz	26491
consolid	26505
dakopbouw	26517
boord	26547
eenigen	26556
voordeel	26556
enkhuizer	26561
hoogste	26564
optreden	26581
verdienen	26593
stelde	26600
vertrek	26628
medische	26635
philipsen	26650
beschikbaar	26656
periode	26659
incompany	26674
interieursjavascript	26684
judexom	26701
jurgensland	26703
karpetten	26709
agenten	26744
maandgrafiek	26769
mansveld	26779
neerse	26824
dick schoof	26825
nulmeting	26836
onderhoudsvrij	26845
harde	26846
orgelmakers	26875
oversluiten	26883
taal	26890
personalgifts	26893
pretium	26910
verbonden	26918
arne slot	26920
reutje	26931
volle	26931
reutjes	26932
ringselvennen	26937
rockanje	26939
scooteronderdelen	26959
servicemonteur	26964
sml	26970
solé	26974
speksteen	26979
baas	26987
dier	26993
tijdje	26997
toepasbare	27019
gevolgen	27023
unrwa	27025
uren	27052
westen	27052
venloop	27053
nearctic	27063
uiteraard	27065
orbán	27085
verzorgingspost	27085
renteverlagingen	27100
wasmachineaansluiting	27115
verdachte	27116
gek	27121
werkvoorbereiding	27131
wwb	27148
yp	27151
chironomidae	27159
zorgverzekeringswet	27170
aanbestedende	27175
patiënten	27204
compleet	27206
amelander	27210
online	27221
asseldonk	27222
banksparen	27232
verenigde	27275
brl	27295
tweede provinciale	27297
buispaal	27299
poging	27302
campbelli	27307
ce-markering	27315
co-creatie	27320
verandert	27323
verboden	27331
arm	27342
alcaraz	27345
voeten	27345
euro	27350
ondertussen	27360
digizoek	27366
gesteld	27368
drafsport	27383
kerkschip	27411
foscarini	27423
beroep	27440
abop	27465
openbaar	27471
eenvoudig	27492
honselersdijk	27502
prima	27508
geheim	27510
voorzitter	27513
afdeling	27528
intusschen	27533
personen	27534
japans-nederlands	27540
jiten	27546
overwinning	27564
kortenhoef	27580
bomen	27589
kwikstaarten	27593
eerste provinciale	27594
serieus	27614
hiervan	27623
loopen	27633
wakker	27636
resultaten	27641
medicore	27658
yesilgöz	27675
moederlijn	27681
sporen	27683
conner rousseau	27695
naor	27700
nederlandjavascript	27704
nichi-ran	27707
gestolen	27724
onderlijn	27726
lavreysen	27730
schieten	27730
past	27737
oosterend	27743
opa's	27744
cel	27747
oplossingsgerichte	27754
oudeschild	27762
cijfers	27765
personeel	27791
raamdecoratie	27803
voorstellen	27814
regendouche	27818
rekenkamercommissie	27819
koningin	27823
senseo	27853
servicegericht	27855
sieradenjavascript	27856
vrede	27856
snaidero	27869
pieter omtzigt	27870
bereid	27874
spiegelreflexcamera	27877
taak	27883
blauwe	27891
voedsel	27894
swedenborg	27904
burgers	27907
tileng	27923
toon hermans	27933
totaaloplossing	27936
totaaloplossingen	27937
traineeship	27940
bron	27960
voegwerk	28002
afscheid	28007
wint	28009
vanmorgen	28012
webapplicaties	28027
wildkleur	28038
september	28042
woonoppervlak	28048
wsnp	28049
wegens	28056
zonneboiler	28065
steken	28075
aanrechtsubsidie	28077
accordeontheekdit	28079
afdelingsuitje	28087
city	28096
alpinestars	28106
grand prix	28107
appeltern	28113
bekijken	28113
arbeidsduur	28115
artemide	28120
attestatie	28126
ayurveda	28134
baexem	28137
gemakkelijk	28145
gebleven	28147
warm	28163
plekken	28173
bevestigingsmail	28175
bevlogenheid	28176
volgde	28198
bouwkavels	28200
camfferman	28225
casuïstiek	28230
biedt	28235
claas	28239
vechten	28239
juni	28246
combi-oven	28248
cornelisdr	28261
vreemd	28273
deetman	28286
dekkende	28288
deltas	28291
deuren	28323
einhell	28330
trots	28331
euclaim	28338
faunawet	28343
fietskar	28346
flora-	28355
afgesloten	28365
geaccumuleerde	28371
gedr	28377
geluidhinder	28391
waarheid	28391
resultaat	28404
geplaatst	28409
kaarten	28415
groepsgrootte	28419
verdwijnen	28422
gwp	28423
hauwert	28436
hazerswoude	28438
engagés	28440
heibedrijf	28440
hievoor	28447
hillegersberg	28448
meegenomen	28460
rapport	28477
de wedstrijd	28485
behandeling	28498
srd	28505
kennisplatform	28509
knieschotten	28525
knvvl	28527
koedijk	28528
l'est	28549
série	28566
vanmiddag	28570
blijkbaar	28571
lijsbeth	28574
loonheffingen	28581
reizen	28586
stukken	28599
honderden	28630
ncoi	28639
ernstig	28648
noar	28648
museum	28682
mond	28715
ouderbijdrage	28715
redenen	28718
pbq	28732
pelletkachel	28734
personaliseer	28736
planschade	28747
groenlinks-pvda	28750
privegebruik	28756
projectmatige	28762
rusland	28764
pv-installaties	28768
reissom	28780
rentevaste	28783
doe	28794
gebaseerd	28809
graden	28810
allebei	28814
minstens	28833
sneeuwhoogte	28858
startbureau	28872
griekspoor	28875
stolwijk	28879
straetus	28881
succesfactoren	28889
thomas	28899
gasten	28908
tma	28912
tropheus	28925
tuinscherm	28927
ontstaan	28930
dikke	28931
slapen	28947
openen	28953
vorstvrij	29014
vumc	29017
allemachtig	29036
werkvorm	29037
wintersportvakantie	29040
telt	29044
zendamateurs	29057
zijderveld	29061
besi	29065
zolderruimte	29065
zoo'n	29068
aandelenlease	29076
laatst	29081
