de	858085
het	431253
een	427714
van	427070
en	421433
in	322889
is	224135
op	196049
te	180999
met	176367
voor	159611
dat	147969
zijn	135456
je	126143
die	105203
aan	97143
niet	96966
ook	94782
er	93943
om	93168
ik	89708
als	85367
bij	81726
maar	72364
of	71611
deze	66811
door	64777
u	62053
dan	60760
we	59314
naar	58188
dit	57305
worden	53488
uit	51172
heeft	49592
nog	47810
wordt	47164
over	46594
was	46516
ze	46401
hij	46019
wat	44283
kan	42514
tot	38810
hebben	37754
meer	36817
al	33908
wel	33662
kunnen	31637
veel	30558
zo	30194
geen	27459
jaar	26309
wij	26045
zich	25967
weer	25461
uw	25176
goed	24526
na	24252
werd	23870
nu	23638
ons	23225
onze	22849
mijn	22607
waar	22403
andere	22177
hun	21389
haar	21159
maken	20961
moet	20868
gaan	20667
dus	19963
alle	19766
heb	19499
kunt	19233
gaat	19009
hier	18514
nieuwe	18016
onder	17843
daar	17563
hoe	16852
zij	16740
eerste	16527
mensen	16347
zal	16174
alleen	16046
twee	15319
komen	15299
had	14899
heel	14723
staat	14642
zou	14407
doen	14295
grote	14038
tijd	14024
komt	13685
zien	13548
zoals	13526
eigen	13349
mee	13347
zelf	13271
tegen	13032
toch	12996
wil	12483
omdat	12235
ben	12093
tussen	12086
altijd	11950
dag	11483
tijdens	11481
hem	11422
mogelijk	11346
waren	11311
binnen	11287
uur	11283
moeten	11196
af	10831
iets	10789
per	10745
via	10727
mij	10618
laten	10475
eens	10332
kinderen	10214
nederland	10047
verder	10031
aantal	9916
vaak	9826
gemaakt	9769
staan	9767
want	9746
verschillende	9732
goede	9724
elkaar	9716
gebruik	9589
steeds	9580
zeer	9535
alles	9511
één	9472
even	9470
toen	9386
samen	9350
leven	9339
plaats	9330
vanaf	8747
nodig	8696
snel	8657
zonder	8653
vinden	8604
geven	8575
weg	8531
men	8474
wanneer	8465
keer	8424
jaren	8377
erg	8346
bijvoorbeeld	8202
werk	8191
toe	8118
natuurlijk	8093
me	8054
terug	8028
krijgen	7844
huis	7818
laatste	7795
werken	7692
laat	7628
echt	7623
vooral	7562
maakt	7531
groot	7495
bent	7462
drie	7435
informatie	7374
echter	7343
werden	7253
welke	7186
willen	7166
kun	7160
hele	7049
mooie	6972
graag	6960
net	6950
kwam	6940
ligt	6875
water	6822
zelfs	6738
hebt	6727
weet	6721
geeft	6704
zeker	6677
wilt	6585
nemen	6584
weten	6543
minder	6521
gemeente	6507
zit	6455
kleine	6445
tweede	6437
deel	6399
website	6383
houden	6362
zullen	6361
vanuit	6350
enkele	6343
manier	6273
vragen	6265
kon	6233
vindt	6213
gebruikt	6198
naast	6166
iedereen	6140
rond	6087
daarom	6085
mag	6081
eerst	6078
beter	6063
zodat	6055
volgens	6051
den	6042
ten	5922
lang	5903
wie	5899
later	5884
ging	5837
anders	5796
elke	5777
oude	5719
achter	5695
krijgt	5685
week	5672
soms	5607
helemaal	5590
hadden	5588
diverse	5586
mooi	5540
dagen	5486
extra	5482
moment	5471
allemaal	5451
blijven	5448
beste	5441
vele	5388
zowel	5369
jij	5352
vraag	5334
zitten	5311
lijkt	5178
paar	5162
ter	5138
wereld	5130
doet	5103
nooit	5098
bedrijf	5094
gebied	5084
gewoon	5082
niets	5069
boven	5068
waarin	5043
daarna	5041
daarnaast	5034
geweest	4961
buiten	4956
misschien	4927
bijna	4925
naam	4925
waarbij	4923
der	4922
open	4913
voorzien	4908
direct	4893
onderzoek	4889
man	4886
auto	4873
gedaan	4850
belangrijk	4837
gebruiken	4832
blijft	4823
vandaag	4821
geval	4814
nederlandse	4810
langs	4784
kijken	4774
leuk	4756
ander	4748
vind	4705
iemand	4694
sinds	4657
boek	4646
zie	4617
stad	4616
volgende	4612
bestaat	4575
waardoor	4533
jouw	4530
contact	4512
bekend	4495
omgeving	4465
ruimte	4453
groep	4440
ga	4437
spelen	4401
nieuw	4346
duidelijk	4324
jullie	4284
land	4282
moest	4267
foto	4207
ziet	4203
eigenlijk	4197
zorg	4191
namelijk	4186
brengen	4173
ongeveer	4142
pas	4115
begin	4113
eten	4093
afgelopen	4089
weinig	4089
gezien	4084
meest	4053
kind	4051
werkt	4046
ieder	4045
zorgen	4035
lekker	4033
vier	4031
geld	4029
hand	4029
vervolgens	4022
enige	4004
terwijl	3993
zeggen	3981
kennis	3976
daarbij	3963
lopen	3950
geheel	3916
beide	3911
zoek	3908
ervaring	3881
zetten	3880
woning	3877
liggen	3857
biedt	3843
amsterdam	3831
ruim	3817
hoge	3786
artikel	3763
vorm	3760
meter	3757
slechts	3756
plaatsen	3716
beetje	3712
meeste	3706
elk	3700
aandacht	3684
kosten	3673
prachtige	3641
denken	3628
basis	3617
bieden	3617
weken	3609
hen	3582
helpen	3579
juiste	3574
kwaliteit	3574
vast	3572
vrouw	3570
lange	3554
inmiddels	3553
juist	3537
klein	3511
euro	3497
genoeg	3491
mogelijkheden	3483
producten	3472
blijkt	3469
soort	3469
thuis	3469
mogen	3463
organisatie	3462
vrij	3454
eerder	3452
kreeg	3448
leren	3444
waarom	3437
geboren	3427
leuke	3406
geschikt	3394
kans	3388
stond	3387
stuk	3383
grond	3373
school	3373
denk	3365
minuten	3364
stellen	3359
iedere	3345
licht	3334
maanden	3334
uiteindelijk	3322
zegt	3301
verhaal	3287
gegeven	3284
prijs	3273
online	3271
plek	3270
daarmee	3255
tevens	3252
zouden	3245
hoog	3230
zaken	3225
houdt	3223
muziek	3223
gegevens	3196
gratis	3183
doel	3176
betekent	3173
dezelfde	3173
s	3172
aanwezig	3170
jan	3166
dingen	3153
januari	3146
meestal	3140
team	3139
rijden	3115
bedrijven	3113
zorgt	3107
zo'n	3086
geworden	3059
zoeken	3053
volledig	3048
bovendien	3039
wilde	3033
gelukkig	3029
meerdere	3025
vol	3024
geleden	3020
gelegen	3020
site	3019
richting	3018
rol	3013
eind	3012
jou	3004
tuin	2989
problemen	2983
helaas	2981
september	2971
zoveel	2966
maart	2965
uiteraard	2965
bezig	2957
kom	2937
eeuw	2926
indien	2923
hierbij	2922
ouders	2922
zaterdag	2922
korte	2903
kerk	2895
voorkomen	2886
mei	2885
terecht	2885
gehad	2884
vond	2883
kiezen	2878
oud	2870
kant	2867
anderen	2866
valt	2862
programma	2861
periode	2858
neemt	2854
best	2851
keuze	2849
leden	2848
klanten	2841
kwamen	2831
vijf	2822
recht	2818
ervoor	2815
voldoende	2810
grootste	2806
heen	2799
the	2796
foto's	2794
regelmatig	2790
neem	2786
april	2783
buurt	2781
hoogte	2773
vader	2766
lichaam	2760
probleem	2754
druk	2750
beeld	2745
wijze	2745
belangrijke	2743
lezen	2741
oktober	2732
wedstrijd	2732
ja	2728
project	2722
opnieuw	2704
precies	2692
gehouden	2689
halen	2681
vrouwen	2679
god	2671
maak	2665
familie	2664
begint	2661
ontwikkeling	2661
start	2657
moeder	2655
gevonden	2652
november	2650
waarop	2648
meteen	2643
bepaalde	2641
centrum	2640
hierdoor	2640
juni	2640
belang	2637
jonge	2637
genieten	2634
doe	2631
sommige	2623
genoemd	2616
beschikbaar	2601
konden	2594
maand	2590
avond	2589
kleur	2589
reden	2584
vormen	2581
totaal	2574
handen	2572
ontstaan	2571
markt	2565
bestaan	2564
vanwege	2563
activiteiten	2556
echte	2555
geldt	2555
mens	2554
zet	2534
stichting	2530
delen	2520
derde	2516
energie	2513
waarvan	2513
kopen	2508
loopt	2505
heerlijk	2500
rekening	2494
sterk	2490
kort	2488
gevoel	2486
horen	2485
mogelijkheid	2478
december	2476
volgen	2469
hieronder	2463
betreft	2458
huidige	2458
klaar	2450
bijzonder	2445
medewerkers	2440
mocht	2433
allerlei	2429
ontvangen	2422
situatie	2420
waarschijnlijk	2420
waarmee	2419
gelijk	2407
combinatie	2406
voordat	2406
daardoor	2401
maakte	2401
beginnen	2395
zondag	2392
hiervoor	2379
t	2377
eenvoudig	2375
zin	2369
genomen	2367
gekomen	2366
wonen	2361
natuur	2345
idee	2341
hotel	2338
rust	2333
samenwerking	2323
bijzondere	2321
langer	2320
soorten	2320
half	2319
geplaatst	2310
prima	2308
internet	2307
nadat	2306
kijk	2295
personen	2294
leiden	2288
locatie	2279
juli	2278
spel	2274
woord	2274
zoon	2272
hoeft	2268
keuken	2267
toekomst	2267
moeilijk	2266
mannen	2265
advies	2260
vroeg	2243
km	2241
ogen	2240
persoonlijke	2239
bezoek	2236
gevallen	2225
zag	2219
begon	2217
hoop	2213
boeken	2209
bleek	2203
dienst	2203
einde	2199
wist	2192
betalen	2189
vakantie	2187
kleuren	2184
prachtig	2178
hond	2158
zichzelf	2155
punten	2152
daarvoor	2151
resultaat	2150
hart	2148
dient	2145
hoofd	2145
hulp	2138
dieren	2134
februari	2134
onderdeel	2122
kamer	2107
behandeling	2105
gebracht	2102
cm	2082
vereniging	2080
lid	2078
uitgevoerd	2076
systeem	2074
woorden	2070
hetzelfde	2064
product	2062
krijg	2059
afstand	2053
pagina	2053
zei	2052
ervaren	2050
top	2049
praktijk	2048
wensen	2046
niveau	2045
kaart	2043
leveren	2040
speciale	2040
persoon	2036
plan	2035
ooit	2033
succes	2023
deed	2022
midden	2019
ondanks	2016
tien	2016
kracht	2004
daarvan	1998
deelnemers	1994
bereiken	1992
vorige	1989
doordat	1987
gingen	1980
procent	1979
vaste	1977
lijn	1973
regio	1973
hoewel	1972
nou	1972
bekende	1971
leeftijd	1969
schrijven	1969
hard	1968
komende	1968
leggen	1968
raad	1960
proberen	1955
actief	1952
opleiding	1951
blij	1950
ruime	1950
utrecht	1938
seizoen	1934
speciaal	1933
gebeurt	1932
kennen	1929
speelt	1928
zon	1928
gebouwd	1926
vrijdag	1925
vallen	1924
witte	1923
film	1921
dood	1919
overleden	1919
begonnen	1911
gemakkelijk	1911
landen	1909
middel	1909
oplossing	1909
ver	1905
overigens	1902
wachten	1902
waarde	1901
gezet	1898
immers	1898
stand	1896
augustus	1895
belangrijkste	1895
past	1895
jezelf	1894
afhankelijk	1892
zee	1889
bestaande	1888
bouwen	1887
dorp	1878
band	1875
nummer	1875
klant	1872
links	1870
europa	1869
sprake	1864
los	1863
algemeen	1849
slag	1848
gesteld	1847
name	1847
punt	1847
wet	1844
liefde	1843
rest	1842
miljoen	1832
partijen	1832
hoger	1822
stap	1820
zes	1820
bezoekers	1814
brengt	1814
opgenomen	1812
gaf	1811
hiermee	1809
tekst	1805
gekregen	1801
functie	1797
gekozen	1792
gevolg	1792
vertellen	1785
opdracht	1784
zat	1783
kent	1782
makkelijk	1778
betrokken	1775
gesprek	1772
ontwikkelen	1772
voeren	1772
volgt	1770
publiek	1769
gebouw	1768
leerlingen	1766
resultaten	1765
rotterdam	1763
bestuur	1760
liefst	1758
reis	1757
overzicht	1752
rode	1751
moderne	1748
lucht	1747
groter	1743
moesten	1740
toegang	1738
helft	1737
voorbeeld	1737
loop	1736
feit	1733
europese	1726
dochter	1723
centraal	1721
laag	1717
onderwijs	1714
route	1713
gehele	1712
materiaal	1708
moeite	1705
geschiedenis	1703
ervan	1701
eventueel	1701
bepaald	1700
geschreven	1699
passen	1697
museum	1696
vrienden	1696
tegenwoordig	1694
park	1693
stelt	1693
wind	1690
dankzij	1684
gegaan	1681
sociale	1681
niemand	1678
uitgebreid	1678
zaak	1676
plezier	1672
vraagt	1669
overal	1667
beschikt	1665
heer	1662
baan	1656
maat	1648
sfeer	1647
projecten	1644
last	1643
vroeger	1643
prijzen	1638
organisaties	1634
a	1632
schade	1632
stukje	1631
gedurende	1630
waaronder	1629
klik	1628
politie	1628
relatie	1628
ene	1626
welkom	1626
bekijken	1622
verschil	1622
standaard	1620
invloed	1619
zomer	1616
nederlands	1613
koffie	1611
veilig	1608
groene	1600
inderdaad	1600
werkzaamheden	1596
geef	1594
dagelijks	1590
antwoord	1589
algemene	1584
ontwikkeld	1582
duitse	1581
deur	1579
bevat	1578
unieke	1576
bleef	1575
rustig	1570
orde	1567
financiële	1566
trekken	1563
zwarte	1561
partij	1560
model	1558
training	1556
gezegd	1555
oog	1555
houten	1553
vlak	1553
besloten	1549
winkel	1549
levert	1547
bedrag	1546
uitzicht	1545
duitsland	1544
vervangen	1539
jong	1536
kilometer	1534
liet	1533
mede	1533
hoor	1530
maandag	1528
verleden	1526
én	1526
helpt	1525
warm	1525
nam	1520
inclusief	1519
enkel	1518
kunst	1515
compleet	1510
eigenaar	1509
kregen	1509
x	1507
spreken	1504
reeds	1503
uitvoering	1503
slecht	1498
bank	1496
bewoners	1495
besluit	1491
verhalen	1487
namen	1486
dragen	1483
hiervan	1483
internationale	1482
bouw	1481
gezellig	1479
gewerkt	1478
morgen	1478
heerlijke	1475
ontwerp	1475
vorig	1475
vrijwel	1475
grotere	1472
service	1470
verwacht	1467
regels	1466
groepen	1465
proces	1465
ronde	1465
enorme	1464
voorbij	1464
nieuws	1462
fijn	1460
gericht	1459
cursus	1455
hoeveel	1455
serie	1454
diensten	1452
normaal	1452
allen	1446
voelen	1444
ergens	1443
nacht	1443
gebeuren	1439
bedoeld	1436
vrije	1433
wellicht	1432
woningen	1432
huid	1431
haag	1430
maximaal	1430
voordeel	1430
aanbod	1425
voelt	1425
gezin	1424
provincie	1423
vertrouwen	1421
gelegenheid	1420
media	1420
weekend	1419
actie	1417
gezellige	1416
vaker	1416
geloof	1415
hoort	1414
partner	1414
college	1412
dicht	1412
veiligheid	1409
bestellen	1408
onderdelen	1407
aarde	1405
bijdrage	1402
onderhoud	1401
ontstaat	1401
plannen	1401
rechts	1400
strand	1397
toegevoegd	1397
rondom	1396
klachten	1395
enorm	1392
merk	1390
badkamer	1389
noemen	1386
word	1385
betere	1381
type	1376
daarin	1375
terrein	1373
gedrag	1371
lokale	1371
acht	1369
straat	1369
wit	1369
persoonlijk	1365
natuurlijke	1363
eiland	1359
lag	1358
momenteel	1358
smaak	1357
verbeteren	1357
gemeenten	1356
koop	1354
oorlog	1353
liep	1351
flink	1350
sterke	1350
tips	1350
jongeren	1349
denkt	1348
thema	1346
inhoud	1345
honden	1344
donderdag	1343
onderwerp	1341
technische	1341
eisen	1340
jezus	1338
wijk	1338
zwart	1337
cookies	1336
luxe	1333
viel	1332
bevindt	1330
inzicht	1330
sport	1330
bepalen	1328
beneden	1323
effect	1323
fiets	1323
strijd	1319
verkocht	1318
overleg	1317
amerikaanse	1316
ervaringen	1316
lees	1315
overheid	1312
geest	1311
studenten	1311
gevolgen	1310
kost	1310
taal	1310
mogelijke	1308
super	1307
beweging	1304
georganiseerd	1304
zichtbaar	1304
temperatuur	1303
gevraagd	1301
drinken	1300
vertelt	1299
planten	1294
camping	1293
dacht	1292
assortiment	1291
hout	1289
inwoners	1288
materialen	1288
motor	1288
restaurant	1287
groningen	1286
toepassing	1285
afspraak	1283
reactie	1283
bezoeken	1282
digitale	1281
bus	1280
optreden	1280
lijst	1279
bos	1278
geluid	1278
browser	1277
gedeelte	1277
frankrijk	1276
ondersteuning	1276
waard	1274
gespeeld	1270
minimaal	1270
erop	1268
afdeling	1264
let	1264
woonkamer	1264
bomen	1263
vermogen	1262
eenmaal	1260
stijl	1259
voorwaarden	1259
behalve	1258
breed	1257
vrijwilligers	1254
tafel	1253
bewust	1252
club	1252
vergeten	1252
dergelijke	1249
termijn	1249
bed	1248
merken	1248
sneller	1248
volle	1248
station	1247
pijn	1246
zeven	1245
kop	1242
verantwoordelijk	1242
verzoek	1242
niks	1241
dienen	1238
groen	1237
winter	1236
gesloten	1235
ontvangt	1232
fietsen	1231
verkopen	1231
nee	1229
versie	1229
verbonden	1228
heet	1227
verkrijgbaar	1227
zwaar	1226
organiseren	1225
sluiten	1224
perfect	1223
risico	1221
begeleiding	1220
beelden	1218
verband	1218
terras	1215
brief	1214
leiding	1214
adres	1213
paard	1212
tevreden	1212
glas	1211
middag	1210
bal	1209
bereikt	1206
verloren	1206
zoekt	1206
zult	1206
specifieke	1203
feest	1202
lage	1202
geleverd	1201
vis	1201
omstandigheden	1198
warme	1198
welk	1196
professionele	1195
spelers	1195
aangeboden	1194
woensdag	1193
wijn	1192
cultuur	1190
leek	1189
nationale	1189
scholen	1189
techniek	1189
gisteren	1188
mm	1187
bezit	1186
franse	1183
pand	1182
praten	1182
eventuele	1181
karakter	1179
nauwelijks	1178
gang	1177
inzet	1174
landschap	1174
willem	1173
duurzame	1171
hoogste	1170
historische	1169
optimaal	1168
realiseren	1166
liever	1164
stel	1164
zware	1163
aangezien	1159
stonden	1159
verdieping	1159
voorzitter	1157
mooiste	1152
zodra	1152
huizen	1150
voren	1150
bericht	1149
ontwikkelingen	1149
maatregelen	1147
positie	1147
stukken	1147
verkoop	1146
dinsdag	1145
vissen	1142
hierin	1140
kleding	1140
dames	1139
gasten	1138
uitgeschakeld	1137
alsof	1136
neer	1136
schreef	1135
vermeld	1135
bloemen	1132
huren	1132
pakken	1130
rijk	1130
sturen	1130
kaarten	1127
handig	1126
behulp	1125
langzaam	1125
netwerk	1125
beroep	1124
veranderen	1124
indruk	1123
minister	1122
stappen	1120
eindelijk	1118
verschillen	1118
pad	1115
aldus	1114
nogal	1112
noodzakelijk	1112
peter	1112
productie	1111
m	1109
voldoen	1108
artikelen	1106
ondernemers	1106
uitgebreide	1105
verplicht	1105
hoeveelheid	1104
behoefte	1102
fijne	1101
gesproken	1100
jaarlijks	1100
snelle	1099
daarop	1097
ideaal	1095
schip	1095
restaurants	1094
hogere	1092
collectie	1091
ziekenhuis	1091
communicatie	1090
dank	1090
persoonsgegevens	1090
stil	1090
ziekte	1090
overige	1088
geregeld	1087
gezond	1087
uitvoeren	1087
circa	1085
graden	1084
koning	1083
kijkt	1082
mening	1082
titel	1082
ouder	1078
burgemeester	1077
werking	1077
beperkt	1076
geopend	1075
telefoon	1075
bergen	1074
vogels	1074
bodem	1073
computer	1073
duur	1073
papier	1072
leidt	1071
trein	1071
duurt	1070
opnemen	1070
stoppen	1069
controle	1068
hoek	1068
boot	1067
geweldig	1067
onderweg	1067
wedstrijden	1067
gehaald	1066
les	1065
jongens	1063
toilet	1063
trots	1061
behoorlijk	1060
data	1059
jeugd	1057
zogenaamde	1056
tijden	1055
verwachten	1055
winnen	1055
lastig	1054
dak	1053
werknemers	1050
betrekking	1049
rug	1049
mate	1045
personeel	1045
volledige	1045
des	1044
keren	1044
centrale	1043
hopen	1042
tegenover	1042
veld	1042
ware	1042
afspraken	1041
gezicht	1039
diep	1038
landelijke	1038
reizen	1037
gemiddelde	1036
lichte	1036
reageer	1036
voornamelijk	1036
betaald	1035
eveneens	1035
groeien	1035
vriend	1035
onderzoeken	1034
interessant	1033
kantoor	1033
hangt	1032
vloer	1032
vooraf	1030
waarna	1027
aangegeven	1025
gebaseerd	1025
gezondheid	1025
plekken	1025
totale	1025
commissie	1024
slaapkamer	1023
onderstaande	1022
universiteit	1022
jammer	1021
positieve	1021
tv	1021
leer	1020
wens	1020
directeur	1019
probeer	1019
steden	1019
starten	1015
groei	1014
kies	1014
qua	1014
studie	1014
verzorgen	1014
aanpak	1013
hangen	1012
kortom	1011
brug	1009
werkgever	1007
schoon	1006
slot	1006
leert	1005
erbij	1003
omhoog	1003
originele	1000
snelheid	1000
gemiddeld	999
la	999
kader	998
vierde	998
speelde	997
hans	996
lager	996
wegen	996
opdrachtgever	995
automatisch	994
winkels	993
ideeën	992
won	990
zeg	989
houd	987
jongen	987
rechter	987
bedankt	986
oplossingen	985
raken	984
redelijk	984
openbaar	983
uitstekend	983
slaapkamers	982
belgië	981
binnenkort	980
verbinding	977
vervoer	977
harte	975
relatief	975
boom	974
gewonnen	974
ingezet	974
kansen	973
nodige	973
complete	971
software	970
voet	970
beleid	969
aanleiding	968
grens	967
buitenland	965
uniek	965
vormt	965
zuiden	964
slapen	962
patiënten	961
zagen	961
kiest	958
steun	958
gevestigd	952
elektrische	950
workshop	950
lengte	948
zover	946
afgesloten	944
stenen	944
voorkeur	944
aangepast	943
initiatief	943
verwijderen	943
achtergrond	942
geniet	941
olie	941
alweer	940
gevolgd	940
stof	939
positief	938
gezonde	937
samenleving	937
ideale	936
sluit	935
uitstraling	934
aangifte	933
modellen	933
vlees	933
gebouwen	932
gaten	931
helder	930
lessen	929
economische	928
politieke	928
set	928
dier	927
halve	926
volop	926
manieren	923
zomaar	922
avonds	921
draaien	920
rood	920
brand	919
zicht	919
blauwe	918
velen	918
bewegen	917
harde	916
hield	916
betreffende	914
legt	914
spreekt	914
tegelijkertijd	914
gebruikte	913
google	913
frans	912
kwijt	912
gewone	911
dikke	910
middelen	909
boerderij	908
voeding	908
uren	907
lijken	905
politiek	905
slechte	904
bescherming	903
gedachten	903
draagt	902
gewicht	901
woont	900
aanvragen	899
bracht	899
deuren	898
rand	898
toestemming	898
voeten	897
traditionele	896
verlaten	896
gebieden	895
onderhouden	895
dubbele	894
mis	893
waarvoor	893
volgend	892
voorbeelden	892
gouden	891
bereikbaar	890
brede	889
design	888
individuele	888
onderwerpen	888
vonden	888
vrijheid	888
e-mail	887
overlijden	887
schrijft	887
betekenis	886
trouwens	886
ca	885
appartement	883
stem	883
bang	882
kg	881
mail	881
zwembad	881
directe	878
verwerkt	878
ton	877
uitleg	877
begrijpen	875
noorden	875
ineens	873
teksten	872
uitdaging	868
interesse	867
zelfstandig	867
gewenste	866
hoeven	866
oorzaak	866
bedoeling	865
dagelijkse	865
geluk	865
totdat	865
verdere	865
eenvoudige	864
kasteel	864
maria	864
openbare	864
opgericht	864
veroorzaakt	863
begrip	862
beschreven	862
gekocht	862
stoffen	861
overeenkomst	860
paarden	859
heren	858
aardig	857
meisje	857
uiterlijk	856
reacties	855
toegepast	855
winst	854
aangesloten	853
gereden	853
stemmen	853
staten	852
tocht	851
geboorte	850
ontdekken	850
wederom	850
teken	849
gerust	848
ontzettend	848
prettig	848
categorie	847
vóór	847
verkeer	846
voordelen	846
werkelijk	846
aanvraag	845
ondertussen	845
partners	845
zaal	844
bekijk	843
afloop	841
enthousiast	841
optie	841
gestart	840
perfecte	840
probeert	840
vliegen	840
speler	838
finale	837
link	837
camera	836
evenement	836
onlangs	836
ontworpen	836
uitsluitend	836
geweldige	835
teveel	835
principe	834
eén	833
luisteren	833
teams	832
wandeling	832
maal	831
tenslotte	830
aanbieden	829
taak	829
b	828
bron	828
lukt	828
tonen	828
angst	827
interessante	827
bevolking	825
voormalige	825
vuur	825
wandelen	825
muur	824
wilden	824
netjes	823
hierover	821
klassieke	820
middels	819
verwijderd	819
beschikking	818
datum	818
gek	818
voel	818
christus	817
straks	817
balans	816
beschikken	816
droog	816
praktische	816
richten	816
specialist	816
uitstekende	816
visie	816
draait	815
eindhoven	813
trap	813
bureau	811
genoemde	811
inkomen	811
verlies	811
haven	810
betaalt	809
oudere	809
post	809
regen	809
cijfers	808
gekeken	808
werkzaam	808
klasse	807
jaarlijkse	805
normale	805
macht	804
verandering	804
gelden	803
bosch	802
discussie	802
mochten	802
ochtend	802
websites	802
z'n	802
gebleven	801
methode	801
beiden	800
bloed	799
opening	799
situaties	799
afkomstig	798
wees	798
maatschappij	797
verantwoordelijkheid	796
presentatie	795
slaan	795
tijdelijk	795
fraaie	794
selectie	793
spullen	793
benieuwd	791
bv	791
berg	790
bestelling	790
henk	789
veranderd	789
medewerker	788
kust	787
oranje	787
gebeurd	786
melden	786
rij	786
technieken	786
voedsel	786
lagen	785
sint	785
tegelijk	784
gebruikers	782
vastgesteld	782
werknemer	782
werkte	782
zaten	782
broer	781
organiseert	781
bak	780
systemen	780
zolang	780
huwelijk	778
nederlanders	778
regelen	778
john	777
verdwenen	777
verzorgd	777
delft	775
gelegd	775
plus	775
thee	775
trekt	774
voorjaar	773
duidelijke	772
ingericht	772
nabij	771
deden	770
nummers	770
regeling	770
arts	769
belangstelling	769
flinke	769
ontspannen	769
privacy	769
vak	769
vertelde	769
apart	768
engeland	767
heilige	767
nijmegen	767
adviseren	765
veranderingen	765
creëren	763
new	763
spoor	763
warmte	763
engelse	762
oudste	761
varen	761
kamers	760
kat	760
vullen	760
doelen	759
makkelijker	759
milieu	759
succesvol	759
wethouder	759
live	758
opzichte	758
verwerken	758
zingen	758
baby	757
beheer	757
volk	757
ingang	756
sector	756
amerika	755
behandeld	755
gezocht	755
rijdt	755
medische	754
erin	752
locaties	752
bereid	751
koud	750
instantie	749
schoenen	748
bellen	747
hal	747
management	745
mond	745
berichten	744
interieur	744
alsnog	743
onderneming	741
fruit	740
gehoord	739
i	739
eruit	738
ondersteunen	738
redenen	738
voorraad	738
behouden	737
blad	736
elementen	736
maakten	736
bord	735
festival	735
lijnen	735
uitspraak	735
vandaar	735
werkelijkheid	735
fase	733
rivier	733
beurt	732
paul	731
verdeeld	731
ouderen	730
plaatsvinden	729
dik	727
garage	727
plant	727
radio	727
boord	725
gepubliceerd	723
kleinere	723
voorstellen	723
afscheid	721
duiven	721
maatschappelijke	721
rechten	721
spanning	721
afbeelding	720
noord	720
ontwerpen	720
toont	720
vaardigheden	719
verblijf	719
brood	718
gespecialiseerd	718
verlichting	718
apparatuur	716
gezamenlijk	716
mobiele	714
veelal	714
aparte	713
bijeenkomst	712
cd	712
maximale	712
ontdekt	712
gerealiseerd	711
hierna	711
officiële	711
spanje	711
bevinden	710
minuut	710
toegankelijk	710
zout	710
ondernemer	708
voelde	708
evenals	707
engels	706
ii	706
richt	706
behoort	704
eigenschappen	704
opvallend	704
sterker	704
voorzieningen	703
machine	702
ministerie	702
deels	701
langere	701
verslag	701
officieel	700
oorspronkelijke	700
kast	699
min	699
theater	699
blijkbaar	698
meisjes	698
pakket	698
stevig	697
gesprekken	696
twintig	696
functies	695
hypotheek	695
koude	695
rekenen	695
bestond	694
workshops	694
fout	693
reageren	693
rustige	692
geleerd	691
instellingen	691
alvast	690
and	690
rapport	689
daadwerkelijk	688
financieel	688
klinkt	688
stuur	688
voort	688
betaling	687
gauw	687
zuid	687
bevatten	686
donker	686
forum	686
kanten	686
namens	686
stroom	686
voorstelling	686
actieve	684
installatie	684
wacht	684
zachte	684
zekerheid	684
cliënten	682
duurzaam	681
opgebouwd	681
steen	681
verenigingen	681
zacht	681
blijken	680
wereldoorlog	680
besluiten	679
tegenstander	679
telkens	678
nationaal	677
verdienen	677
aansluiting	676
nieuwste	676
opgesteld	676
benen	675
geloven	675
internationaal	675
zand	675
activiteit	674
burgers	674
lagere	674
douche	673
passie	673
verzekerd	673
bezocht	672
maten	672
tijdje	672
gods	671
klas	671
raakt	671
trainingen	671
bekeken	670
ligging	670
molen	670
vlucht	670
nergens	669
leeg	668
steken	668
holland	666
mezelf	665
verwachting	665
n	664
regel	664
eerlijk	663
gevaar	663
concept	662
leg	661
winnaar	661
verandert	660
belasting	659
blik	659
optimale	658
pieter	657
aangebracht	656
aangelegd	656
show	656
verklaring	656
hoorde	655
structuur	655
voorbereiding	655
wakker	655
west	655
ziek	655
achterzijde	654
liepen	654
collega	653
vooruit	653
editie	652
patiënt	652
voorkomt	651
besloot	650
complex	650
mevrouw	650
economie	649
honderd	648
tentoonstelling	648
toegestaan	648
wereldwijd	648
details	647
katten	647
omgaan	647
app	646
beschermen	646
leeuwarden	646
letterlijk	646
voorlopig	646
aspecten	645
schrijver	645
