de	1076524
van	521082
het	475046
in	465706
een	388893
en	377705
op	181776
is	178443
zijn	169561
met	145723
hij	143775
te	138334
voor	136672
werd	131716
door	108506
dat	103915
die	97091
als	92743
was	91571
aan	91297
ook	77695
er	69027
tot	65832
ze	65444
om	64603
deze	64102
bij	63205
niet	62240
uit	61529
naar	55393
wordt	51971
maar	49821
worden	49246
dit	47037
of	43822
heeft	40786
zich	39630
haar	36769
na	34942
dan	32991
over	32876
nog	32399
naam	31604
eerste	31041
werden	30780
meer	30384
twee	28567
jaar	28464
inwoners	26907
eerst	26240
onder	25971
andere	25059
had	25001
hun	24970
waren	22808
kan	22609
al	20432
echter	20335
plaats	20309
geen	20305
hebben	19907
hem	19416
tussen	19297
veel	19283
zou	18864
zij	18632
soort	18395
later	17111
nieuwe	16644
wetenschappelijke	16505
gepubliceerd	16481
kunnen	15809
wel	15730
grote	15495
telt	15455
waar	15324
jaren	15190
kwam	15057
geldig	15008
zo	14979
men	14709
drie	14622
per	14415
tijdens	14414
weer	14338
tweede	14309
wat	14303
toen	14178
omdat	13983
tegen	13970
aantal	13657
deel	13247
alle	13231
tijd	13042
terug	12427
verschillende	12376
vanaf	12028
staat	11541
enkele	11356
eeuw	11298
kreeg	11160
gebruikt	11150
laatste	11141
alleen	10714
the	10598
kon	10583
zoals	10425
ging	10389
daar	10221
eigen	10217
komt	10217
af	10124
samen	10104
bekend	10025
vaak	9827
ten	9616
stad	9604
oppervlakte	9517
leven	9336
seizoen	9271
club	9216
sinds	9180
maken	9152
zelf	9152
verder	8992
mensen	8887
nu	8884
gaan	8734
hier	8710
vier	8665
volkstelling	8597
nederland	8541
komen	8473
gaat	8436
steeds	8411
meter	8373
elkaar	8349
werk	8264
ongeveer	8211
dus	8139
bedraagt	8077
vooral	8061
één	8037
moet	8003
maakte	7973
binnen	7922
kerk	7632
groot	7585
uiteindelijk	7383
bleef	7370
keer	7358
genoemd	7244
zeer	7199
waarbij	7121
album	7111
rond	7092
goed	7091
volgens	7047
toe	7024
speelde	6992
hadden	6986
beide	6947
moest	6942
ligt	6938
gemeente	6933
begon	6922
bevolkingsdichtheid	6892
waardoor	6888
bestaat	6802
mogelijk	6795
slechts	6795
mee	6793
zien	6776
lang	6768
derde	6737
oude	6729
opnieuw	6692
daarna	6678
waarin	6666
vader	6654
gemaakt	6558
nam	6502
film	6485
zonder	6479
begin	6472
zoon	6450
land	6381
kleine	6372
zal	6300
beschreven	6282
wanneer	6276
gebruik	6262
zowel	6195
gebied	6181
kinderen	6146
werken	6128
band	6120
enige	6095
via	6043
naast	6022
gebouwd	5978
weg	5977
nummer	5915
groep	5857
dood	5745
vervolgens	5711
periode	5709
dag	5684
nederlandse	5642
snel	5631
januari	5618
terwijl	5607
vijf	5596
won	5590
september	5576
stond	5573
familie	5539
wil	5523
nadat	5504
mei	5502
staan	5496
huis	5475
ter	5471
juni	5423
vrouw	5394
net	5340
der	5316
man	5306
toch	5269
hoewel	5260
eind	5235
oktober	5223
water	5212
daarnaast	5205
leeftijd	5197
vele	5169
meestal	5147
december	5106
soms	5049
grootste	5025
boven	5024
pas	5007
minder	4998
zelfs	4977
april	4935
waarvan	4935
laten	4926
maart	4913
achter	4822
wetenschappelijk	4783
altijd	4773
moeten	4740
november	4738
einde	4712
lange	4701
vanwege	4699
juli	4692
zouden	4671
meeste	4668
spelen	4619
titel	4607
vorm	4595
vinden	4593
landen	4585
volgende	4571
hen	4553
gaf	4535
nooit	4527
augustus	4516
duitse	4498
miljoen	4478
zodat	4477
boek	4453
bestaan	4452
overleed	4431
oorlog	4415
opgericht	4409
bijna	4398
daarom	4382
diverse	4381
gebouw	4381
wereld	4375
doen	4338
geven	4324
iets	4323
kwamen	4306
rol	4303
nieuw	4300
nemen	4259
bijvoorbeeld	4258
konden	4201
dezelfde	4180
vond	4170
zes	4170
tevens	4146
maakt	4131
hierdoor	4119
gezien	4099
wilde	4096
buiten	4090
weinig	4089
krijgen	4083
leden	4063
bedrijf	4048
geboren	4004
februari	3995
sommige	3980
eerder	3956
schreef	3953
totaal	3939
school	3938
leger	3925
dagen	3922
vrij	3919
meerdere	3900
vanuit	3892
serie	3890
sterk	3868
elke	3846
moeder	3834
muziek	3823
dorp	3807
moment	3788
liet	3777
verscheen	3766
onderzoek	3750
hoe	3714
soorten	3706
elk	3705
vrouwen	3690
geweest	3680
meest	3672
daarmee	3663
blijven	3654
franse	3652
huidige	3650
hoge	3638
geeft	3608
geheel	3596
wedstrijden	3596
hele	3582
koning	3582
heel	3551
krijgt	3548
succes	3544
dochter	3542
actief	3539
bracht	3538
wedstrijd	3487
wie	3484
lid	3477
uur	3460
amerikaanse	3454
duidelijk	3452
team	3451
delen	3445
houden	3440
je	3437
belangrijke	3416
eindigde	3369
volgde	3365
daarbij	3351
goede	3350
nationale	3347
beste	3344
vormen	3328
deed	3308
opgenomen	3304
korte	3303
grond	3276
namen	3264
partij	3240
volledig	3240
erg	3233
staten	3227
gespeeld	3220
station	3215
laat	3197
vierde	3183
den	3182
uitgebracht	3182
kort	3179
bevindt	3159
werkte	3159
versie	3143
waarna	3138
maanden	3134
lijn	3133
bleek	3123
enkel	3117
langs	3115
nodig	3115
wist	3113
basis	3105
bevolking	3087
plaatsen	3087
amsterdam	3078
verkocht	3071
geschiedenis	3066
tegenwoordig	3057
verhaal	3053
geslacht	3048
dienst	3045
waaronder	3035
hierbij	3018
vervangen	3008
jonge	3005
blijkt	2999
mannen	2986
belgië	2983
finale	2970
doordat	2968
gevonden	2963
punten	2961
manier	2958
zo'n	2952
gehouden	2946
bestond	2931
hoogte	2926
schip	2915
kilometer	2912
waarschijnlijk	2908
geschreven	2903
ik	2901
belangrijkste	2900
klein	2899
tien	2897
hoog	2896
duitsland	2885
brengen	2868
waarmee	2860
hand	2854
gedurende	2852
open	2846
europese	2841
regering	2837
functie	2829
algemeen	2823
geplaatst	2816
geval	2798
frankrijk	2795
alles	2775
waarop	2774
voornamelijk	2770
ronde	2769
liggen	2768
zeven	2768
s	2759
ondanks	2755
midden	2746
la	2740
kasteel	2739
geworden	2737
europa	2736
zichzelf	2730
besloot	2723
moesten	2718
bouw	2716
genomen	2713
huwelijk	2703
betekent	2702
spel	2701
single	2696
klasse	2695
acht	2694
bepaalde	2685
kregen	2684
bovendien	2678
lengte	2678
speler	2674
geld	2673
gevolg	2673
lichaam	2672
ander	2671
leiding	2661
hetzelfde	2659
daardoor	2656
vindt	2652
doel	2651
daarop	2649
carrière	2644
broer	2639
handen	2636
politieke	2631
keerde	2628
hoogste	2626
eiland	2616
speelt	2616
ontstaan	2612
aanwezig	2609
paar	2608
niets	2602
eveneens	2598
ruim	2593
ervan	2581
museum	2568
problemen	2567
internationale	2555
a	2550
voorzien	2549
oorspronkelijk	2523
aanvankelijk	2522
neemt	2511
verenigde	2504
park	2487
direct	2480
blijft	2469
leidde	2467
loopt	2464
and	2454
voorkomen	2453
beter	2451
we	2451
nummers	2449
behaalde	2442
gebruiken	2437
jan	2435
verloren	2428
brug	2414
richting	2414
oorspronkelijke	2407
helft	2403
britse	2387
reeds	2379
anders	2377
bevat	2370
licht	2359
dieren	2357
programma	2357
inmiddels	2356
centrum	2354
zaken	2348
want	2346
hiermee	2344
m	2344
toren	2343
doet	2340
gegeven	2340
gelegen	2332
onderdeel	2329
punt	2327
top	2327
nederlands	2326
begonnen	2321
militaire	2315
viel	2299
gedaan	2294
gingen	2293
kleur	2286
stuk	2284
trouwde	2284
namelijk	2282
positie	2279
welke	2271
zwarte	2271
toernooi	2264
vrijwel	2264
hoofd	2262
invloed	2258
publiek	2258
uitgevoerd	2257
personen	2254
stierf	2252
telde	2247
hield	2241
verenigde staten	2238
daarvan	2236
lijkt	2236
eens	2234
regelmatig	2232
witte	2228
omgeving	2221
geopend	2213
cm	2210
lokale	2209
gekozen	2207
productie	2206
schepen	2206
lag	2203
woord	2202
oud	2194
voorzitter	2192
universiteit	2189
ontwikkeling	2187
rode	2183
boeken	2182
beeld	2177
organisatie	2172
zetten	2169
ruimte	2166
valt	2161
ontstond	2158
slag	2156
orde	2154
begint	2152
kind	2152
new	2150
gebracht	2149
mag	2129
ouders	2129
minuten	2126
mocht	2124
rest	2119
ziet	2119
noorden	2118
reden	2113
name	2112
bekende	2108
belgische	2107
vast	2105
recht	2098
reeks	2094
plan	2090
ooit	2083
relatie	2083
langer	2081
trok	2078
de naam	2077
lijst	2058
extra	2054
vereniging	2054
ii	2053
loop	2053
stijl	2052
benoemd	2048
verlaten	2047
voormalige	2047
grotere	2046
oudste	2044
aangezien	2043
km	2039
prijs	2035
hiervan	2034
totale	2028
gebieden	2024
tekst	2020
belangrijk	2019
macht	2012
besluit	2010
bestaande	2008
spelers	2005
vlak	2005
gebaseerd	2004
zuiden	2004
voordat	2003
kampioen	2002
beschouwd	2001
troepen	2001
kant	1999
stellen	1998
i	1993
groter	1992
hiervoor	1986
trad	1985
relatief	1984
gesloten	1983
opdracht	1980
vallen	1976
plek	1970
verbonden	1970
sindsdien	1965
zit	1962
bezit	1960
competitie	1956
leiden	1953
besloten	1952
even	1950
john	1950
hoger	1944
strijd	1942
systeem	1942
wegens	1942
genaamd	1940
anderen	1938
zullen	1935
afstand	1929
weken	1929
ervoor	1925
druk	1921
gebouwen	1916
wapen	1916
feit	1914
vrienden	1914
liep	1910
stelde	1910
belang	1903
films	1898
politiek	1883
bouwen	1881
ontdekt	1875
weet	1875
latere	1873
gouden	1872
kent	1872
meteen	1869
weten	1869
rijk	1854
houdt	1844
steden	1841
hierna	1839
officiële	1839
soldaten	1831
zitten	1830
stichting	1829
betrokken	1825
engeland	1824
mm	1824
auto	1818
schrijven	1817
zee	1814
moderne	1812
gevestigd	1808
lopen	1806
niveau	1806
raakte	1806
zag	1805
medaille	1798
bereiken	1797
persoon	1795
informatie	1792
project	1790
rivier	1790
contract	1787
echte	1787
getrouwd	1786
zeker	1783
gebruikte	1777
gevallen	1777
plannen	1776
bepaald	1773
bestuur	1773
iedereen	1770
vrije	1769
bleven	1766
iemand	1766
markt	1763
raad	1763
sociale	1762
genoeg	1761
groepen	1760
daarvoor	1759
vijfde	1757
taal	1755
onderwijs	1752
vertelt	1752
gelijk	1749
gehele	1746
horen	1744
ieder	1743
burgemeester	1742
officieel	1737
seizoenen	1736
aarde	1735
keren	1735
overheid	1735
et	1733
stand	1730
exemplaren	1726
engelse	1723
overlijden	1718
vaste	1717
aandacht	1715
kans	1709
uitgebreid	1699
circa	1698
verkiezingen	1698
politie	1696
gedeelte	1693
zeggen	1693
ontwerp	1687
kamer	1684
maria	1684
mens	1682
gewonnen	1673
willen	1669
verloor	1666
bewaard	1663
verschenen	1663
gebleven	1661
vermeld	1660
zogenaamde	1660
breed	1657
sprake	1657
zomer	1656
wereldoorlog	1655
hulp	1651
probeert	1651
wet	1650
negen	1644
groeide	1640
vroeger	1633
de club	1632
ogen	1632
activiteiten	1629
bevinden	1629
kracht	1624
bedrijven	1623
centrale	1621
richtte	1621
halve	1618
minister	1616
type	1616
contact	1608
tegenstelling	1607
baan	1604
zware	1604
kop	1603
westen	1603
kunst	1601
juist	1600
week	1595
heer	1591
situatie	1591
straat	1591
werkt	1591
zegt	1588
start	1584
molen	1582
aanval	1581
verhalen	1580
model	1579
grotendeels	1573
middel	1573
wonen	1571
wijk	1567
wijze	1565
zette	1555
gesteld	1550
vroeg	1550
euro	1549
parijs	1548
financiële	1547
samenwerking	1544
haalde	1542
helemaal	1542
directeur	1539
speciale	1538
bijzonder	1537
uitgegeven	1537
volgt	1537
diens	1534
doden	1533
oudere	1533
vastgesteld	1533
historische	1531
houten	1528
wit	1527
partijen	1526
verdeeld	1519
afhankelijk	1516
winnen	1516
kennis	1515
noordelijke	1509
ondertussen	1507
vormt	1505
bereikt	1500
term	1500
clubs	1499
waarde	1497
economische	1495
materiaal	1494
god	1492
huizen	1491
voeren	1490
afkomstig	1484
terrein	1484
iedere	1482
ontwikkeld	1482
president	1478
toegevoegd	1478
zuidelijke	1478
geldt	1476
moeilijk	1474
zwart	1473
aangelegd	1470
ploeg	1469
dragen	1468
editie	1468
heen	1467
stonden	1466
staart	1461
bezig	1459
volgen	1459
koninkrijk	1458
halen	1456
sterke	1452
bedoeld	1447
regio	1444
oosten	1443
aflevering	1441
tegenover	1441
zwaar	1441
verdwenen	1439
mogen	1438
woorden	1438
eigenlijk	1434
willem	1434
behalve	1433
kapel	1433
peter	1433
mede	1431
provincie	1430
centimeter	1429
verliet	1428
beschikbaar	1427
vraag	1427
zorgen	1426
gekomen	1421
maand	1416
russische	1416
klooster	1415
frans	1414
stemmen	1413
voorbeeld	1413
echt	1411
kleuren	1409
jaarlijks	1408
georganiseerd	1406
kleinere	1402
brand	1401
studie	1401
vonden	1399
gemiddelde	1398
japan	1398
gezet	1397
maal	1396
bereikte	1391
opleiding	1390
begraven	1388
eigenaar	1388
volledige	1385
optreden	1379
vorige	1376
buurt	1375
hierin	1374
heet	1372
stenen	1372
dergelijke	1371
hof	1369
lage	1369
verband	1365
vriend	1364
locatie	1363
ontvangen	1363
dier	1362
verleden	1361
kampioenschap	1360
publiceerde	1357
jongen	1355
trekken	1355
beweging	1354
gezin	1354
rijden	1343
destijds	1342
verschillen	1339
twaalf	1336
heden	1333
laag	1333
zorgde	1333
von	1331
ver	1329
daarin	1327
brussel	1324
karakter	1322
overleden	1320
resultaat	1317
scoorde	1317
allemaal	1316
buitenlandse	1315
beperkt	1314
ontwikkelde	1313
des	1312
los	1306
veranderde	1303
lucht	1302
gericht	1300
gevormd	1300
veranderd	1300
draagt	1296
erop	1296
originele	1294
betekenis	1293
spaanse	1292
dankzij	1291
stelt	1291
centraal	1290
italië	1288
geproduceerd	1287
algemene	1286
motor	1286
le	1282
kaart	1281
vlucht	1281
betreft	1280
sloot	1280
hierop	1279
bos	1274
utrecht	1272
nauwelijks	1270
voldoende	1269
maakten	1266
zichtbaar	1266
keizer	1265
stadion	1264
graaf	1261
opgeheven	1261
verschil	1261
probeerde	1258
overigens	1256
leggen	1254
gevolgd	1251
idee	1251
kennen	1250
hogere	1247
duitsers	1246
verdere	1245
albums	1243
overgenomen	1243
york	1242
dient	1240
studenten	1240
voort	1240
vermoedelijk	1239
thuis	1237
kosten	1236
mexico	1235
deels	1232
ontworpen	1230
overwinning	1228
stukken	1228
zaak	1228
duurde	1226
helpen	1223
indien	1223
paul	1222
zat	1221
biedt	1218
zoek	1218
italiaanse	1217
zie	1214
beginnen	1212
speelden	1210
allerlei	1209
vlaamse	1209
vogel	1209
japanse	1208
vragen	1207
vroege	1207
nationaal	1206
david	1203
zin	1203
ontving	1202
steun	1201
reed	1200
ziekenhuis	1199
gehad	1198
festival	1197
vraagt	1197
gemeenten	1196
schatting	1196
spanje	1196
rood	1195
proces	1192
slecht	1190
neer	1187
snelheid	1187
diende	1185
verantwoordelijk	1185
haag	1184
toont	1183
cultuur	1182
londen	1181
kende	1180
uitgezonden	1180
combinatie	1179
fc	1179
studeerde	1179
ontstaat	1175
parlement	1175
aangeduid	1173
bewoners	1173
succesvol	1171
overige	1170
jong	1168
lijnen	1167
behoort	1166
mogelijkheid	1166
schade	1166
les	1165
opzichte	1163
twintig	1163
slechte	1162
artikel	1161
bronnen	1160
oog	1159
zesde	1157
lied	1156
commissie	1155
prins	1154
ziekte	1153
china	1150
broers	1146
route	1146
new york	1145
tweede wereldoorlog	1145
brengt	1144
teams	1142
gekregen	1141
engels	1134
klassieke	1134
liefde	1134
probleem	1134
terecht	1134
teksten	1133
nacht	1132
eten	1131
voedsel	1129
actie	1128
beelden	1128
rechten	1128
veld	1128
tijdschrift	1125
zijde	1125
den haag	1123
leider	1119
hotel	1118
katholieke	1118
volk	1118
aangebracht	1116
grens	1115
stoppen	1115
zei	1115
fort	1114
volwassen	1113
radio	1111
rug	1109
vlaanderen	1109
haven	1108
verenigd	1108
onderscheiden	1106
vertrok	1106
internationaal	1105
voet	1105
omstandigheden	1103
vlag	1103
goud	1101
half	1100
jeugd	1100
mijn	1099
kiezen	1096
elementen	1095
gemiddeld	1095
zoeken	1095
antwerpen	1094
dicht	1093
ingezet	1092
media	1092
trein	1092
romeinse	1091
bezoekers	1090
orkest	1090
tour	1090
kritiek	1089
monument	1088
zorgt	1088
district	1087
openbare	1087
gewoon	1086
vielen	1085
links	1084
hendrik	1082
race	1080
verwijderd	1079
roman	1077
rusland	1077
lager	1074
college	1072
immers	1072
north	1071
bijzondere	1070
gebeurde	1069
populair	1069
aangepast	1068
rotterdam	1067
denken	1065
behouden	1064
bomen	1064
gewicht	1063
sluiten	1063
berg	1060
opvolger	1059
instantie	1058
maximaal	1058
oprichting	1057
planten	1057
provinciale	1057
theater	1057
toegang	1057
leidt	1056
koninklijke	1055
traditionele	1055
natuurlijke	1054
status	1053
kruis	1052
poging	1052
afleveringen	1051
tanden	1051
afgebroken	1048
geschikt	1048
definitief	1047
rondom	1047
erin	1043
wapens	1042
sporen	1041
vernoemd	1040
meisje	1039
tom	1039
chinese	1037
gewone	1037
handel	1035
verkozen	1035
praktijk	1034
startte	1034
steen	1034
vol	1033
leverde	1031
gebeurt	1027
malen	1026
joodse	1025
verhuisde	1025
wegen	1025
collectie	1024
plaatselijke	1022
scholen	1022
dollar	1021
george	1020
gesproken	1020
ontslag	1018
de stad	1017
legde	1016
beiden	1015
grootte	1015
toekomst	1015
winnaar	1013
kleiner	1012
resultaten	1012
vermoord	1012
deelnemers	1010
spreken	1010
twintigste	1010
records	1009
alsnog	1008
woonde	1008
reis	1007
toegepast	1007
verbinding	1007
gegevens	1005
aangenomen	1004
noemde	1004
vormde	1004
boerderij	1003
hoek	1003
mate	1003
persoonlijke	1003
wereldwijd	1003
gevolgen	1002
aanleg	1001
brede	1001
buitenland	1001
divisie	1001
bank	1000
muur	1000
ene	999
complex	998
kust	996
afdeling	995
natuur	995
pand	995
volgden	995
raakt	994
spreekt	994
talen	994
woningen	990
zilveren	990
zus	990
slaagde	989
blad	988
heilige	988
mogelijke	988
plant	988
best	987
lijken	986
lagen	985
promoveerde	985
eenmaal	984
fabriek	984
onderdelen	984
dienen	982
rome	982
tijdelijk	982
tegelijkertijd	981
wederom	981
kenmerken	980
prijzen	980
speciaal	980
deden	979
rechts	979
ministerie	976
vandaag	973
oorsprong	972
world	972
regels	970
droeg	968
lagere	968
dorpen	967
proberen	967
slachtoffers	967
olympische	964
omstreeks	964
aanleiding	963
verboden	963
vroegere	963
achtergrond	962
census	962
veelal	960
bieden	959
energie	959
stopte	956
totdat	956
ton	955
gedrag	954
hetgeen	954
iii	953
doorgaans	952
bron	950
meerderheid	950
rand	950
wilden	950
producten	949
avond	948
nadien	948
inclusief	947
heette	946
robert	946
betekende	945
gang	944
groningen	942
rechter	942
groene	941
tijden	940
leren	939
tak	939
verdween	939
betalen	938
geleid	938
koningin	937
moord	937
schilderijen	937
enorme	936
miljard	936
elftal	935
james	935
niemand	935
dertig	934
richten	934
groen	933
hit	932
amerika	931
hart	931
veroordeeld	931
afgeleid	930
ingang	930
verscheidene	930
groei	929
tonen	929
koos	928
rekening	928
gele	927
gedwongen	926
vogels	926
evenals	925
hout	925
gescheiden	924
rij	924
gegaan	923
ontwikkelen	922
vermogen	922
begraafplaats	921
opening	921
precies	921
burgers	920
professor	920
vertaald	920
bevatten	919
gehaald	919
hoeveelheid	919
behulp	918
gedood	918
standaard	918
leerlingen	917
toenmalige	917
architect	916
keuze	916
beneden	915
gevecht	915
orgel	915
veranderen	914
zet	914
bedoeling	913
beroep	913
geraakt	913
joden	913
allen	912
boom	911
gesloopt	911
kwaliteit	911
val	910
winter	910
gemeenschap	909
regionale	908
gevangenis	907
televisie	906
generatie	905
langzaam	905
traject	905
opvallend	904
voerde	904
voorste	903
reizen	902
gevangen	901
mochten	901
tekende	901
hoofdstad	900
sport	900
uitvoering	900
verwijst	900
blauwe	899
elf	899
vliegtuig	899
werkzaam	899
gelegenheid	898
stem	898
taak	897
maatschappij	893
normaal	893
stone	893
verliefd	893
america	892
effect	892
voren	892
t	891
bezocht	890
brief	890
gedragen	888
oranje	888
voordeel	888
economie	887
eerdere	886
personages	886
componist	883
kamp	883
vrouwelijke	883
to	880
datzelfde	879
eigendom	879
griekse	879
thomas	878
culturele	877
charles	876
omvat	875
krant	874
technische	874
catalog	873
noemt	872
show	872
gewijzigd	870
bijnaam	869
ontsnappen	869
republiek	869
gevraagd	868
temperatuur	868
veroorzaakt	868
aanwezigheid	867
gelegd	867
nabij	867
religieuze	867
respectievelijk	867
succesvolle	867
geluid	866
leek	865
schrijver	865
geleden	863
noemen	863
indruk	862
mannetjes	862
modellen	862
onbekend	861
leeft	860
verliezen	860
weigerde	860
plaat	859
werkelijkheid	859
controle	857
seconden	857
gevaar	856
eeuwen	855
schilderij	855
ster	855
graven	854
literatuur	854
menselijke	854
toestemming	854
verspreid	854
voetbal	854
rust	853
san	853
treinen	853
bisschop	852
eilanden	852
minstens	852
karel	851
openbaar	851
frank	850
ben	848
brak	848
uitsluitend	848
ware	848
werking	848
johan	847
opstand	847
structuur	846
eieren	845
gedeeltelijk	845
kerken	843
spoorlijn	843
dateert	842
onmiddellijk	842
redenen	842
beurt	841
hoort	841
aparte	839
bovenste	839
me	839
telkens	839
verslagen	839
international	838
rijke	838
anna	837
onderste	837
dak	836
gent	836
bepalen	835
functies	835
millimeter	835
blauw	834
gebrek	833
verenigd koninkrijk	833
duits	831
redden	831
series	831
bodem	830
jongere	829
website	829
aanzienlijk	827
michael	827
thema	827
kaarten	826
tweemaal	826
conflict	825
vleugels	825
verzet	823
normale	822
ons	822
ouder	822
bergen	821
bond	821
gaven	821
zonen	821
vluchten	820
koor	819
lichte	819
zevende	819
intussen	818
kunstenaars	817
voorheen	817
boord	815
diep	815
europees	815
studio	814
doelpunten	813
for	813
hersteld	812
tuin	812
behandeling	811
erkend	809
aangetroffen	808
b	808
vs	807
betrekking	806
spoor	806
uiterlijk	805
uitzondering	805
zestig	805
elektrische	803
instituut	803
onafhankelijk	802
promotie	802
woning	802
eenheid	799
bevestigd	798
gezicht	798
ongeluk	798
jaarlijkse	797
techniek	797
fusie	795
graag	795
waarom	794
duur	793
verschijnt	793
westelijke	793
zoveel	793
muzikale	792
brugge	791
eenvoudig	790
onze	790
poten	790
wind	789
behoorde	788
organisaties	788
uitgave	788
zon	788
gebeurtenissen	787
hertog	787
kanaal	787
bevond	786
kocht	785
aanvallen	784
afgesloten	784
diensten	784
landbouw	784
vijftien	783
vrijheid	782
afgebeeld	781
bescherming	781
directe	780
personage	780
polen	780
vóór	780
city	779
dochters	779
methode	779
theorie	778
stof	777
voltooid	777
achtste	776
landschap	776
nieuws	776
live	775
raken	775
vijftig	775
generaal	774
geregeld	774
west	774
dagelijks	773
uitbreiding	773
eisen	772
juiste	772
vrede	772
gestuurd	771
verkopen	771
geleidelijk	770
terugkeer	769
bewijs	767
artikelen	766
debuut	766
du	766
slotte	766
vrouwtjes	766
waaraan	765
cup	764
netwerk	764
verklaard	763
versies	763
adel	762
label	762
woont	762
hoop	761
procent	761
qua	761
auteur	760
waarvoor	760
landgoed	759
beleid	758
titels	757
geweld	756
mogelijkheden	756
gesticht	755
jack	755
bibliotheek	754
paard	754
specifieke	754
fase	753
zweden	752
loopbaan	751
behoren	750
betere	750
krachten	750
piano	750
treden	750
verkeer	750
zanger	750
hangt	749
hard	749
voorbij	749
geleverd	748
verklaarde	748
beschermen	747
geel	747
vertrek	747
à	747
denkt	746
passagiers	746
verkoop	746
vertaling	746
wk	745
foto's	744
trekt	744
letters	743
toegekend	743
diptera	742
principe	742
gearresteerd	741
vaker	741
aangeboden	739
armen	739
kandidaat	739
tientallen	739
artiesten	738
leerde	738
australië	737
league	737
muren	737
richard	737
bloemen	735
boeren	735
vrouwtje	735
beschikt	734
bloed	733
achterste	732
beperkte	732
donkere	732
medewerkers	732
plein	732
christelijke	731
concerten	731
geest	731
gerestaureerd	731
cd	730
verzameling	730
dingen	729
bouwde	728
begrip	727
groeien	727
individuele	727
x	727
bedrag	726
enigszins	726
toegankelijk	726
vuur	726
eigenschappen	725
gewerkt	725
machine	724
oplossing	723
aangesloten	722
bekendste	722
record	722
ring	722
verwoest	722
gulden	721
lezen	721
oostelijke	721
termijn	721
ervaring	719
kunstenaar	719
slaan	719
verschijnen	719
bezoek	717
capaciteit	717
duurt	717
interieur	717
restauratie	717
bevel	715
desondanks	715
meisjes	715
noodzakelijk	715
vis	715
zetels	715
bezetting	714
huid	714
onderwerp	714
wellicht	714
militairen	713
opende	713
opgesteld	713
bladeren	712
paleis	712
verzoek	712
christus	711
britten	710
fransen	709
ideeën	707
jongeren	707
mannelijke	707
platen	707
schedel	707
verplicht	707
degradeerde	706
grondgebied	706
kijken	706
vliegen	705
honderden	704
aangegeven	703
onderwerpen	703
as	702
goederen	702
premier	702
akkoord	701
anno	701
kopen	701
sprak	701
ontwerpen	700
schrijft	700
verlies	700
zodanig	700
inhoud	698
ontslagen	698
toestel	698
klaar	697
leveren	697
middelen	697
militair	697
opnamen	697
wisten	697
johannes	696
studies	696
bronzen	695
voorkeur	695
actieve	694
kapitein	694
martin	694
misschien	694
reactie	694
beschermd	693
optredens	693
geheim	692
trouwen	692
uitgeverij	692
vertrekken	692
dubbele	690
sneller	690
traditie	689
internet	688
zelfstandig	688
dichter	687
families	687
mening	687
oorzaak	687
overal	687
tegelijk	687
singles	686
auto's	685
initiatief	685
moeite	685
onderscheid	685
vestigde	685
wachten	685
zilver	685
industrie	683
william	683
zelden	683
gedichten	682
jongens	682
natuurlijk	682
opgevolgd	682
snelle	682
feite	681
tachtig	681
paus	680
arts	679
bevonden	679
bood	679
gold	679
rollen	679
verdrag	679
achteren	678
geloof	678
genoemde	678
operatie	678
brachten	676
missie	676
vormden	675
gevangenen	674
zondag	674
india	673
voorwerpen	673
zeventig	673
interesse	672
poort	672
last	671
opgebouwd	671
overzicht	671
pensioen	671
publieke	671
veilig	670
beschadigd	669
betaald	669
legt	669
music	668
tijde	668
vergelijking	668
eindigt	667
rijdt	667
vertellen	666
echtgenoot	665
beheer	664
uitvoeren	664
afbeelding	663
eenheden	663
passen	663
gerekend	662
winkels	662
vriendin	661
alexander	660
opnames	660
samenleving	660
veroverde	660
gezegd	659
toepassing	659
toeschouwers	659
datum	658
jean	658
louis	658
geschat	657
ingericht	657
talrijke	657
uitgeschakeld	657
ontstonden	656
woonden	656
aandelen	655
hieronder	655
holland	655
zekere	655
belangstelling	654
boot	654
verdieping	654
bossen	653
honderd	653
medailles	653
tentoonstelling	653
veranderingen	653
vijand	653
liedjes	652
pogingen	651
voertuigen	651
werkzaamheden	651
grand	650
voorkomt	650
populaire	649
vloot	649
categorie	648
harde	648
kondigde	648
slot	648
advocaat	647
mark	647
storm	647
daarentegen	646
deur	646
foto	646
tunnel	646
verplaatst	646
kandidaten	645
momenteel	645
schaal	645
steken	645
berlijn	644
county	644
verlengd	644
jongste	642
medische	642
canada	641
personeel	639
trokken	638
ofwel	637
sommigen	637
veiligheid	637
aldus	636
deuren	636
halverwege	636
patiënten	636
