de	904564
het	431621
van	405690
een	400879
in	342823
en	320851
is	218529
dat	210690
op	201132
te	163983
met	154733
voor	152113
zijn	144783
die	126618
niet	122626
je	107232
ook	99176
er	98731
om	98240
maar	96074
aan	91501
ik	81324
als	81188
bij	74837
ze	69779
hij	65380
nog	61206
dan	60772
naar	58655
heeft	57694
uit	54535
door	52350
was	52311
of	49783
we	49675
over	48061
dit	46920
al	46377
meer	45534
jaar	42229
hebben	42149
wat	41816
wel	40810
deze	39018
worden	37933
kan	37372
wordt	36318
tot	35016
geen	33366
na	32305
zo	31851
nu	31357
veel	29982
kunnen	29445
werd	28907
zich	28461
hun	28045
gaat	25285
mensen	25042
haar	24706
tegen	23998
moet	23951
zou	23246
twee	22445
nieuwe	22335
daar	21805
andere	21439
onder	21264
gaan	20756
waar	20379
dus	19834
goed	19544
volgens	19484
weer	19173
had	18732
eerste	18481
hoe	18214
mijn	17559
maken	17501
zegt	17390
moeten	16661
heel	16523
zal	16442
wil	16121
heb	16044
alleen	15573
staat	15534
doen	15403
toch	15255
procent	15171
komt	14740
omdat	14584
alle	14458
zien	14393
komen	13841
grote	13776
tijdens	13754
tijd	13604
mee	13135
tussen	13050
toen	12932
zoals	12880
zelf	12542
waren	12161
uur	12139
hem	12110
euro	12069
hier	11945
iets	11922
ons	11754
drie	11749
af	11511
onze	11453
altijd	11285
politie	11117
zij	11060
nederland	10894
keer	10878
want	10685
ben	10348
eigen	10324
man	10292
steeds	10270
echt	10149
week	10044
vooral	9877
minder	9826
kwam	9783
auto	9659
afgelopen	9589
tweede	9474
jaren	9425
eerder	9412
dag	9321
verder	9271
laten	9229
per	9214
één	9212
mogelijk	9195
eens	9179
laatste	9143
net	9069
staan	9026
krijgen	8988
willen	8909
gewoon	8833
leven	8694
terug	8517
elkaar	8480
weg	8478
zonder	8391
werden	8377
samen	8343
via	8307
vaak	8301
binnen	8282
zelfs	8281
sinds	8244
wie	8228
zit	8190
rond	8173
alles	8169
ging	8121
toe	8067
mij	8049
weten	8016
onderzoek	7976
land	7950
kinderen	7883
aantal	7853
maakt	7825
zeker	7751
snel	7623
even	7475
me	7451
nodig	7432
laat	7407
wij	7398
plaats	7392
blijft	7387
beter	7272
bijvoorbeeld	7240
geld	7233
blijven	7203
vanaf	7142
kon	7131
bijna	7008
gemeente	6888
miljoen	6873
amerikaanse	6844
verschillende	6813
terwijl	6800
lijkt	6777
doet	6764
groot	6757
vier	6757
zei	6726
nooit	6711
iedereen	6633
later	6602
enkele	6600
lang	6599
zullen	6563
vinden	6516
nederlandse	6497
hele	6495
achter	6483
moment	6474
huis	6458
weet	6452
eerst	6425
houden	6339
mag	6306
bedrijf	6301
helemaal	6284
kunt	6264
spelen	6191
zeggen	6181
werken	6165
zitten	6158
geven	6156
anders	6133
krijgt	6130
bekend	6120
geleden	6087
werk	6051
goede	6042
gemaakt	5953
hadden	5934
vrouw	5896
daarom	5803
dagen	5782
natuurlijk	5740
nemen	5739
vandaag	5723
kun	5697
maanden	5691
zouden	5691
kreeg	5682
vorig	5669
extra	5650
deel	5649
opnieuw	5627
duidelijk	5567
allemaal	5563
ter	5550
vraag	5529
vijf	5509
moest	5490
misschien	5387
europese	5277
erg	5226
ziet	5223
niets	5203
zaterdag	5191
elke	5140
ligt	5139
waarom	5137
kans	5129
aldus	5125
vrijdag	5085
naast	5066
zondag	5063
iemand	5037
wereld	5011
hebt	4989
stad	4982
nadat	4969
weinig	4962
denk	4952
partij	4936
ten	4933
vindt	4917
kijken	4903
zorgen	4900
apple	4809
den	4805
ruim	4799
geeft	4777
manier	4773
wedstrijd	4761
wanneer	4747
vind	4720
open	4717
vanuit	4700
vorige	4681
vertelt	4672
echter	4647
maakte	4614
hen	4597
seizoen	4588
maand	4571
gebruiken	4565
geval	4561
blijkt	4559
paar	4546
daarmee	4532
geweest	4532
pas	4529
zetten	4525
gebruik	4523
juist	4522
begin	4517
waardoor	4515
meerdere	4493
nieuw	4490
eigenlijk	4488
genoeg	4486
stond	4448
soms	4436
weken	4433
vragen	4411
waarbij	4409
daarna	4400
gedaan	4390
inmiddels	4348
waarin	4342
grootste	4329
maandag	4329
bedrijven	4314
derde	4309
donderdag	4274
gezien	4268
tien	4258
uiteindelijk	4257
welke	4245
vanwege	4242
der	4237
president	4208
daarnaast	4193
werkt	4179
beste	4128
israël	4124
plek	4118
gebruikt	4112
buiten	4110
media	4106
daarbij	4105
dinsdag	4102
u	4100
woensdag	4100
minister	4076
groep	4059
enige	4030
water	4020
punten	4010
komende	3968
belangrijk	3960
oekraïne	3945
wilde	3942
soort	3940
club	3933
kleine	3902
trump	3883
rijden	3865
beetje	3847
russische	3839
zie	3807
zaken	3801
meteen	3792
zes	3789
landen	3784
mogen	3771
verwacht	3771
namelijk	3758
volgende	3742
ooit	3740
boven	3701
team	3690
beide	3682
vrouwen	3682
richting	3678
probleem	3614
ander	3606
meter	3593
zowel	3587
kwamen	3575
problemen	3565
zeer	3560
eind	3552
ga	3546
ongeveer	3542
vervolgens	3538
europa	3533
zodat	3505
best	3465
oude	3458
graag	3452
mannen	3436
regering	3426
partijen	3402
minuten	3382
deed	3376
start	3371
druk	3353
zo'n	3344
lange	3342
miljard	3337
halen	3336
burgemeester	3328
ik ben	3328
bleek	3321
vast	3315
volledig	3306
betalen	3301
naam	3301
oktober	3293
meldt	3287
zoveel	3284
basis	3281
hoger	3279
israëlische	3267
vol	3262
prijs	3260
rusland	3258
denken	3253
sociale	3252
dezelfde	3251
meeste	3251
markt	3250
vrij	3246
betekent	3244
brengen	3239
valt	3238
sommige	3235
nieuws	3216
jij	3210
verhaal	3204
neemt	3199
precies	3199
brand	3194
zag	3193
de politie	3190
huidige	3186
duitse	3185
liggen	3182
vond	3181
zaak	3181
daardoor	3179
langer	3169
foto	3159
won	3157
bent	3150
kilometer	3130
bovendien	3128
ouders	3120
ja	3116
meest	3116
hoge	3082
totaal	3082
oorlog	3079
rol	3072
ziekenhuis	3067
kosten	3064
thuis	3063
familie	3060
reden	3038
dollar	3035
elk	3035
ministerie	3022
einde	3020
geworden	3017
direct	3016
leiden	3008
fc	3006
helft	3004
jonge	3003
houdt	2973
bezig	2969
langs	2969
slechts	2968
hoop	2965
toekomst	2958
hand	2954
duitsland	2952
september	2952
hard	2936
stelt	2923
dingen	2913
waarschijnlijk	2909
mooi	2905
woning	2900
lopen	2899
plan	2887
stellen	2877
stuk	2876
informatie	2872
situatie	2871
konden	2859
kant	2847
mooie	2847
the	2841
klein	2823
speelt	2817
helpen	2810
ruimte	2809
doel	2802
januari	2802
weekend	2801
actie	2799
liet	2793
ondanks	2780
begint	2776
ervoor	2775
organisatie	2766
november	2763
kort	2761
niemand	2760
juni	2756
gebied	2745
app	2735
daarvoor	2735
rechtbank	2733
ploeg	2728
belangrijke	2710
zat	2705
groningen	2699
zet	2699
amsterdam	2689
periode	2687
idee	2686
voorkomen	2684
lokale	2677
vs	2676
belgië	2673
vader	2664
jongeren	2661
moeilijk	2656
hoewel	2634
zomer	2619
loopt	2610
men	2601
hetzelfde	2596
anderen	2592
mei	2592
gaf	2588
hoog	2582
maart	2580
begon	2573
gehad	2566
rechter	2565
december	2559
legt	2557
moeder	2556
verkiezingen	2552
overheid	2551
premier	2547
verdachte	2542
handen	2541
wist	2538
blij	2537
regio	2523
cijfers	2522
belang	2514
zoek	2513
provincie	2495
gesprek	2494
aandacht	2491
zichzelf	2491
waarmee	2488
woordvoerder	2487
inwoners	2485
china	2483
beeld	2466
kabinet	2457
gevonden	2452
leuk	2452
school	2451
delen	2449
kopen	2449
acht	2448
hulp	2443
winst	2442
slachtoffer	2439
vroeg	2431
belgische	2430
momenteel	2429
politiek	2425
buurt	2424
gekomen	2417
wachten	2417
klanten	2415
politieke	2412
sterk	2412
ieder	2408
nacht	2406
finale	2398
vaker	2396
aandeel	2393
muziek	2393
kiezen	2377
franse	2375
omgeving	2375
bank	2374
enkel	2371
klaar	2370
genomen	2368
gebeurt	2364
horen	2359
rode	2352
biedt	2348
juli	2344
dankzij	2339
hoofd	2331
nummer	2330
vele	2326
online	2321
schade	2319
suriname	2319
terecht	2317
licht	2313
niks	2313
bestaat	2304
mocht	2304
dood	2297
plannen	2288
programma	2287
schrijft	2286
kamer	2283
geldt	2281
gebracht	2276
zeven	2274
én	2273
nam	2271
brandweer	2267
februari	2266
waarop	2264
winnen	2258
flink	2250
gevallen	2247
gezegd	2246
zorgt	2235
april	2229
elektrische	2228
bepaalde	2227
zorg	2225
vallen	2223
kind	2212
bleef	2205
samenwerking	2193
ronde	2189
gingen	2185
vierde	2182
verschil	2170
aanval	2169
slachtoffers	2161
bewoners	2155
stemmen	2152
betrokken	2147
volgen	2146
gratis	2143
spelers	2140
rust	2137
beelden	2136
gelukkig	2126
oekraïense	2124
ervan	2121
voordat	2120
gelijk	2113
aanwezig	2112
publiek	2112
staten	2112
beschikbaar	2111
bijzonder	2111
hoeveel	2111
ai	2108
beginnen	2105
vlak	2103
denkt	2102
bieden	2099
keuze	2099
zwaar	2099
augustus	2097
leger	2097
klinkt	2095
parijs	2094
veiligheid	2094
enorm	2092
prijzen	2081
voorzitter	2081
gegeven	2076
gebeuren	2075
avond	2074
persoon	2073
steun	2073
korte	2068
antwerpen	2059
liefst	2059
hoogte	2058
geraakt	2052
gebeurde	2046
oud	2046
internationale	2043
rekening	2036
straat	2035
gezet	2029
wet	2029
normaal	2027
sprake	2026
jouw	2023
raakte	2018
britse	2016
gekregen	2012
leggen	2011
jan	2010
zware	2008
verenigde	2005
slecht	2003
kost	1999
plaatsen	1997
ver	1997
grond	1995
bezoekers	1994
olympische	1994
bal	1991
zoeken	1990
inderdaad	1984
half	1982
medewerkers	1981
overigens	1976
s	1976
helaas	1975
kwartaal	1973
financiële	1972
contact	1966
frankrijk	1965
vertrouwen	1965
groter	1964
wonen	1961
sneller	1960
raad	1954
trekken	1953
openbaar	1952
iphone	1949
erop	1941
gemeenten	1939
kregen	1937
krijg	1934
google	1932
lekker	1926
stap	1924
oranje	1923
jullie	1921
begonnen	1920
echte	1920
moesten	1920
gevoel	1918
ogen	1917
gewond	1915
daarvan	1912
doe	1912
proberen	1912
waarvan	1910
liep	1906
punt	1906
gevolgen	1902
recht	1901
niveau	1900
versie	1898
hoeft	1897
kijk	1895
studenten	1894
nationale	1892
rest	1891
centrum	1883
chinese	1882
boek	1880
jong	1878
stoppen	1871
eten	1867
heen	1864
top	1861
vorm	1856
prima	1855
strijd	1848
vooruit	1848
waaronder	1835
gehouden	1834
energie	1823
maatregelen	1818
voorlopig	1815
betreft	1813
lager	1810
viel	1810
succes	1805
vraagt	1804
woningen	1801
leden	1796
dieren	1795
regels	1789
league	1786
aangehouden	1783
wedstrijden	1783
producten	1780
model	1778
termijn	1776
los	1763
verkeer	1762
bezoek	1761
gebruikers	1761
belangrijkste	1759
biden	1759
universiteit	1753
vrienden	1752
directeur	1749
verloren	1749
geweld	1748
groen	1744
mogelijke	1741
zin	1736
diverse	1732
oplossing	1728
voldoende	1726
twintig	1725
leren	1724
veilig	1724
verstappen	1724
dicht	1723
gevolg	1722
justitie	1722
pakken	1720
stappen	1718
nou	1714
vlaamse	1714
dacht	1710
volgt	1708
daarin	1704
rij	1704
enorme	1703
vroeger	1703
ajax	1702
zoon	1699
actief	1689
plekken	1688
systeem	1684
gegaan	1683
n-va	1683
speelde	1679
alsof	1671
bestuurder	1670
brengt	1666
leeftijd	1666
utrecht	1665
kijkt	1663
onderzoekers	1663
max	1662
telefoon	1659
besluit	1658
personen	1656
reactie	1655
eigenaar	1643
ek	1642
betere	1640
eu	1639
juiste	1639
project	1633
voeren	1632
locatie	1631
namen	1630
liever	1628
risico	1627
allerlei	1626
nederlands	1625
verloor	1622
voorbij	1618
haag	1617
tegenover	1616
voelt	1613
pro	1611
alsnog	1610
gaza	1610
leek	1609
spreken	1609
volgend	1608
ervaring	1607
bouwen	1606
steeg	1599
trainer	1598
groei	1597
sterke	1597
straks	1597
doordat	1594
verwachten	1594
noemt	1587
gedrag	1586
verenigde staten	1586
bekende	1584
controle	1584
uiteraard	1581
data	1580
last	1580
scherm	1577
artikel	1576
dienst	1573
voorsprong	1573
gewonnen	1572
militaire	1571
den haag	1570
brussel	1569
waarde	1569
overleden	1568
halve	1567
invloed	1563
sluiten	1563
onderdeel	1562
kom	1560
mis	1556
veld	1552
slag	1550
makkelijk	1547
lezen	1545
hogere	1543
nee	1543
gebeurd	1542
geschiedenis	1538
ongeluk	1538
regelmatig	1537
feit	1534
lucht	1534
sport	1530
ergens	1529
voetbal	1528
buitenlandse	1527
grens	1527
reed	1527
zwarte	1527
iedere	1524
ontwikkeling	1524
hamas	1521
onderwijs	1521
bestaan	1520
stichting	1517
omzet	1516
film	1514
vormen	1512
kaart	1508
natuur	1507
verleden	1506
koers	1504
de man	1499
verkopen	1499
ondertussen	1497
ontvangen	1495
rotterdam	1493
schrijven	1492
lastig	1491
agenten	1490
slot	1490
gevraagd	1489
kennen	1485
merk	1484
vertellen	1484
lag	1482
praten	1482
wilt	1482
qua	1481
website	1480
wellicht	1480
aandelen	1478
overal	1475
witte	1475
kennis	1472
lichaam	1470
tegenwoordig	1468
woorden	1468
bedrag	1463
deur	1462
spel	1461
negen	1460
tv	1460
zomaar	1458
leerlingen	1455
stonden	1453
vlaams	1453
merken	1452
speciale	1448
ongeval	1447
verwachting	1446
vlaanderen	1445
ene	1443
afstand	1441
psv	1438
fans	1435
tientallen	1431
dochter	1428
hart	1428
verdachten	1428
intussen	1427
ontstaan	1424
baan	1423
economie	1420
beleid	1419
gemiddelde	1419
links	1419
afgesloten	1416
verkocht	1416
vrije	1416
eindelijk	1412
impact	1408
resultaten	1408
boeren	1405
jou	1405
gemiddeld	1398
kritiek	1397
lijst	1391
activiteiten	1390
keren	1389
name	1389
gezin	1388
advocaat	1387
auto's	1384
functie	1381
parlement	1381
overwinning	1380
advies	1379
graden	1379
twente	1379
aanvallen	1378
deelnemers	1378
mens	1373
grotere	1368
genoemd	1365
kansen	1365
woord	1364
voorzien	1361
lijken	1357
zee	1356
waarna	1354
gebouw	1353
defensie	1351
hoor	1351
kracht	1351
minuut	1351
stand	1351
standaard	1350
noemen	1349
bijzondere	1348
gisteren	1345
seconden	1344
serie	1344
toegang	1342
voormalige	1342
hield	1339
peter	1337
beleggers	1336
generatie	1336
bracht	1335
hoopt	1335
meestal	1335
veroordeeld	1333
sprak	1332
trots	1331
voorbeeld	1331
leveren	1330
x	1327
dorp	1326
genieten	1325
hoogste	1324
plaatse	1324
midden	1323
beroep	1322
fout	1322
melden	1322
daalde	1321
video	1321
lijn	1320
commissie	1318
gehaald	1318
moeite	1318
band	1317
fiets	1317
relatief	1316
koning	1315
oog	1315
apps	1314
hopen	1314
daarop	1313
personeel	1313
economische	1310
helpt	1308
gegevens	1305
honderden	1303
kwijt	1295
positief	1288
rondom	1288
algemeen	1286
uitspraak	1286
proces	1285
incident	1282
rijdt	1281
immers	1278
museum	1278
voelen	1278
trekt	1276
verlies	1273
veranderen	1272
winkel	1272
digitale	1271
wijk	1271
bestuur	1270
europees	1270
vervangen	1270
burgers	1269
vrijwel	1269
wk	1268
gesloten	1266
onlangs	1265
race	1265
schreef	1265
optie	1264
tafel	1264
duur	1263
gesproken	1263
spreekt	1261
zege	1261
new	1259
gesprekken	1256
spanje	1255
afhankelijk	1254
nederlanders	1254
contract	1253
t	1252
zette	1252
melding	1250
stelde	1248
honderd	1245
rechts	1245
jongen	1244
donald	1243
besloten	1239
vertelde	1239
kerk	1238
hoort	1237
samenleving	1236
boeken	1232
titel	1230
antwoord	1228
orde	1227
koop	1226
mogelijkheden	1226
vuur	1226
neer	1225
uw	1225
olympische spelen	1224
twaalf	1221
lees	1219
goud	1218
podium	1214
bart	1210
cel	1210
leiding	1210
werknemers	1210
beslissing	1209
liefde	1208
officieel	1208
betaald	1205
gang	1203
inflatie	1203
centraal	1202
feyenoord	1202
bepaald	1201
eerdere	1201
verhalen	1198
uitgevoerd	1197
kop	1196
verklaring	1196
voormalig	1195
draaien	1193
haalt	1193
modellen	1193
benadrukt	1191
kampioen	1187
persoonlijke	1187
hiermee	1186
minstens	1186
berichten	1184
arnhem	1180
games	1179
kwaliteit	1178
snelheid	1178
resultaat	1177
gesteld	1174
maak	1174
meerderheid	1174
slechte	1174
a	1172
probeert	1172
tour	1172
leuke	1171
akkoord	1168
eindhoven	1168
poetin	1168
relatie	1167
vanavond	1166
red	1164
leidt	1162
levert	1162
macht	1161
pand	1161
flinke	1160
terrein	1160
bang	1159
bedoeld	1159
draait	1159
nauwelijks	1159
dragen	1158
college	1156
geboren	1156
laag	1156
mede	1156
optreden	1156
opzichte	1156
duizenden	1155
editie	1155
hierdoor	1153
binnenkort	1152
wilden	1147
kent	1143
mogelijkheid	1143
dertig	1141
krant	1139
paul	1138
stil	1137
omroep	1136
stem	1136
destijds	1135
gericht	1135
sowieso	1135
wethouder	1135
onderzoeken	1132
tegelijkertijd	1132
bericht	1131
gouden	1130
huizen	1129
inzet	1129
productie	1124
bereiken	1123
zagen	1123
zon	1119
groene	1118
beperkt	1117
reeks	1117
dagelijks	1114
ingezet	1114
donald trump	1112
poging	1111
gezicht	1110
ervaren	1109
coach	1108
vitesse	1108
vvd	1108
internet	1106
verliezen	1106
bevolking	1104
tonen	1103
zaten	1102
eindigde	1101
mening	1101
stijging	1101
reacties	1100
brief	1098
positie	1098
gespeeld	1097
rapport	1096
voordeel	1096
hangt	1094
jarenlang	1094
kwestie	1094
tesla	1094
verlaten	1093
jongens	1092
voorbije	1091
centrale	1090
gekozen	1090
verantwoordelijk	1090
gewerkt	1087
maximaal	1087
loop	1086
eén	1085
persoonlijk	1085
gek	1084
gevaar	1084
jammer	1084
morgen	1084
tijdelijk	1084
platform	1083
zorgde	1083
verkoop	1082
palestijnse	1080
vriend	1074
hoofdstad	1072
speciaal	1072
wegen	1072
iran	1071
vijfde	1071
vrijwilligers	1071
haalde	1069
besloot	1068
geplaatst	1066
bestaande	1065
erbij	1065
opvallend	1064
deden	1063
beschermen	1062
vergeten	1062
boete	1061
duel	1061
recente	1061
sturen	1061
duurder	1060
omhoog	1060
volle	1060
past	1059
scholen	1059
game	1058
steden	1057
autoriteiten	1053
combinatie	1053
zwolle	1052
bewust	1051
pvv	1051
sloot	1051
boom	1049
eeuw	1049
volledige	1049
bmw	1048
duurt	1048
ding	1047
vermoedelijk	1045
asielzoekers	1043
instagram	1043
park	1042
wagen	1041
passen	1039
stroom	1038
hangen	1037
patiënten	1037
alweer	1036
omstandigheden	1035
werkte	1035
waard	1032
wijze	1032
wél	1031
fijn	1030
functies	1030
praktijk	1030
software	1030
wijst	1030
hiervoor	1029
positieve	1028
vakantie	1028
aangezien	1027
vaste	1025
vrijheid	1025
debat	1022
organisaties	1022
leidde	1021
lagere	1019
gezondheid	1018
bereikt	1017
reageert	1017
ede	1016
maakten	1016
behalve	1015
winkels	1015
ineens	1014
zulke	1014
ondernemers	1013
speler	1013
product	1012
woont	1012
aarde	1010
meisje	1010
opdracht	1008
rug	1008
wind	1008
eisen	1007
goedkoper	1006
verdere	1004
beweging	1003
schepen	1003
partner	1002
deuren	1001
oorzaak	1001
technische	1000
antwerpse	999
update	999
stel	998
compleet	997
hoeven	995
buitenland	993
afloop	992
vermogen	991
regen	989
gemeenteraad	988
afscheid	987
rente	987
indruk	986
banden	984
toont	983
vonden	983
tevreden	982
diensten	981
zeg	981
carrière	980
feiten	980
komst	979
spaanse	979
ernstig	978
harde	978
plots	977
straf	975
onduidelijk	973
wint	972
behoorlijk	971
trok	971
verdienen	971
doelpunt	970
vijftien	968
effect	967
meldde	967
sluit	967
nederlander	966
bouw	964
festival	964
wereldwijd	964
pijn	963
word	963
doden	962
wacht	962
winnaar	962
getroffen	961
tweede kamer	958
tijden	957
vuurwerk	957
starten	955
val	953
welkom	952
zodra	952
italiaanse	951
lid	951
geheel	950
tom	950
drugs	949
internationaal	949
neem	949
ontwikkelen	949
leider	948
opgepakt	947
studie	947
verbeteren	947
zichtbaar	947
aanleiding	946
amper	945
bus	945
dergelijke	943
roept	943
italië	941
campagne	938
zuiden	938
behandeling	937
cultuur	937
klopt	935
bekijken	934
tuin	934
evenement	933
gent	933
wever	931
city	930
erin	928
kleur	928
noorden	927
motor	925
sterker	925
fietsen	923
openbaar ministerie	923
veroorzaakt	923
gebouwd	922
voertuigen	922
stadion	921
eruit	920
reageren	920
harris	919
alvast	917
eenmaal	917
gestegen	917
voorstel	917
champions	916
live	916
watch	915
aanpak	914
rekenen	914
de wever	913
mechelen	913
voelde	913
windows	913
brabant	912
snelle	911
tekst	911
slaan	910
bewijs	909
broer	908
feest	908
interview	908
momenten	908
toestel	908
historische	906
aanbod	904
geregeld	904
tegelijk	904
hof	903
raken	903
duren	902
gebieden	902
gebrek	901
ipad	901
pk	901
supporters	900
ziekte	900
zolang	900
jezelf	899
lage	899
sector	899
voertuig	899
medische	898
volk	898
discussie	897
voorstellen	896
moord	895
zoekt	895
aangetroffen	892
daadwerkelijk	891
eerlijk	890
elf	890
vereniging	890
deels	888
jaarlijks	888
mark	888
verplicht	888
vrijdagavond	888
groepen	887
unieke	887
wilders	887
jaarlijkse	884
bedoeling	882
diep	882
ondersteuning	881
verdacht	881
coalitie	880
ochtend	880
totale	880
openbare	879
automatisch	878
handig	878
klachten	878
wetenschappers	877
wolf	877
locaties	876
reis	876
bepalen	874
ev	874
volop	874
begrijpen	873
hierbij	873
york	873
bomen	872
officiële	872
sfeer	872
aangekondigd	871
groeien	870
netwerk	870
verschillen	870
wapens	870
schuld	868
boodschap	867
index	867
oudere	866
werkzaamheden	866
brug	865
hoeveelheid	863
inclusief	863
westen	863
hoek	862
stopt	862
eentje	861
hezbollah	861
opgenomen	861
bondscoach	860
nijmegen	860
politici	860
sindsdien	859
uren	859
microsoft	858
gaten	857
initiatief	857
opvang	857
steken	856
miljoenen	854
prachtige	854
surinaamse	854
schip	853
brugge	852
dak	852
recent	852
serieus	852
geluid	851
middelen	851
vlucht	851
afspraken	850
financieel	849
new york	849
b	847
bosch	846
wegens	846
zover	846
barneveld	845
namens	845
dier	844
eraan	844
onderzocht	844
uitgebreid	843
geschikt	842
meldingen	842
rustig	841
ouder	840
gas	839
specifieke	838
eveneens	837
hulpdiensten	837
snap	837
openen	836
verband	836
probeerde	835
set	835
technisch	835
verboden	834
vergelijking	831
jeugd	830
onderweg	830
zaterdagavond	830
aflevering	828
makkelijker	828
aanslag	826
kiest	826
publieke	825
musk	824
doelen	823
duizend	823
beslag	822
concurrentie	822
gekeken	822
plus	821
lukt	820
vijftig	820
technologie	819
angst	818
nergens	818
tekort	818
joe	816
johan	816
landelijke	816
gazastrook	815
geopend	815
geschreven	815
spoor	815
café	814
geloof	814
camera	813
lokaal	812
vieren	812
banken	811
spits	809
eenvoudig	808
heet	808
raakten	807
teams	807
rijk	806
breda	805
hond	805
blijkbaar	804
middag	804
voet	804
ernstige	802
interessant	801
overleed	801
acties	800
verantwoordelijkheid	800
mezelf	799
vertraging	799
bronnen	798
legde	798
overleg	798
record	798
amersfoort	797
militairen	796
tegenstander	796
route	795
investeren	793
kwart	793
gelderland	792
gestart	792
medaille	792
stijgen	791
ton	790
wisten	790
bevestigt	789
redelijk	789
voornamelijk	788
trein	787
analisten	785
hopelijk	785
veranderd	785
nsc	784
daarover	783
voorwaarden	783
fc twente	782
stukje	782
code	781
restaurant	781
zwart	781
leverde	780
apparaat	779
noemde	779
engeland	778
gestolen	778
spullen	778
conflict	777
gewone	777
populaire	777
nieuwste	776
prestaties	776
training	775
z'n	775
duurzame	774
fysieke	773
onderdelen	773
uitvoeren	773
bekendgemaakt	772
dikke	772
bos	771
bull	771
consumenten	771
ontdekt	771
organiseren	769
selectie	769
toekomstige	769
vertrekken	769
vriendin	769
gebaseerd	768
onderwerp	768
warm	768
willem	768
hotel	767
toernooi	767
vooraf	767
gereden	765
polen	765
redenen	764
gevaarlijk	763
la	763
uitspraken	763
volgde	763
industrie	762
geef	761
kunst	761
pakte	761
station	761
georganiseerd	759
opent	759
winter	759
donderdagavond	758
federale	758
nederlaag	758
toestemming	758
welk	758
rutte	757
nogal	756
vielen	756
telkens	755
tijdje	755
trouwens	755
beschadigd	754
kleuren	754
kleinere	753
noteerde	753
absoluut	752
voel	752
geloven	751
gevolgd	751
achtergrond	750
moderne	750
rood	750
focus	749
kandidaten	748
gevangenis	747
overlijden	747
doelman	746
kiezers	746
kandidaat	745
red bull	745
verwachtingen	745
hans	744
taal	744
meegenomen	743
ceo	742
formule	742
perfect	742
details	741
eredivisie	740
gehoord	739
plezier	739
alternatief	738
ambulance	738
geel	737
creëren	736
olie	736
benieuwd	734
les	734
libanon	734
united	733
beurt	731
nodige	730
opties	730
ziek	730
fors	729
operatie	729
voldoen	729
apple watch	728
grand	728
john	728
voren	728
deelt	727
inzetten	727
klant	727
gekocht	726
minimaal	726
ontwikkelingen	726
thema	726
zonnepanelen	726
deal	725
enschede	725
oproep	725
frank	724
blijf	723
elftal	723
gemeenschap	723
langere	722
vertrek	722
zoiets	721
bbb	720
daling	720
draagt	720
tiktok	720
velen	720
unie	719
zicht	719
aangepast	718
apparaten	717
breed	717
geluk	717
middel	717
uitdaging	717
ing	716
mac	716
site	716
wijzen	715
aanloop	714
ontstond	714
amerika	713
ontzettend	713
vooralsnog	712
beneden	711
trend	711
kaarten	710
onderhoud	710
slimme	709
verbonden	709
vliegtuig	709
manieren	708
raakt	708
luisteren	707
competitie	705
ferrari	705
geweldig	705
tips	705
beurs	704
organiseert	704
vluchten	704
massaal	703
getuigen	702
definitief	700
frans	700
nijkerk	700
kleiner	699
waarschuwt	699
opgeroepen	697
soorten	697
verschijnen	697
zesde	697
extreem	696
verbinding	696
gemeld	695
klimaat	695
keuken	694
vld	694
woensdagavond	694
droom	693
snelweg	693
david	692
turkije	692
aanvankelijk	691
overlast	691
projecten	691
verdwijnen	691
ermee	690
instantie	690
ios	690
redden	690
tijdelijke	690
limburg	689
mochten	689
algemene	688
den bosch	688
fc groningen	688
schermen	688
stuur	688
troepen	688
mobiele	687
temperatuur	687
wereldkampioen	687
experts	685
blijken	684
deelname	684
gedacht	684
michael	684
scoorde	683
bereid	682
vluchtelingen	682
plaatsvinden	681
vanmiddag	680
drinken	679
gasten	679
netanyahu	679
open vld	679
verandering	678
voorheen	678
waarvoor	678
clubs	677
type	677
verdwenen	677
buitenlandse zaken	676
manchester	676
tilburg	676
aangeboden	675
gestuurd	675
gezond	675
japan	674
betaalt	673
verkeerde	673
instellingen	672
opening	672
zaal	672
opvolger	671
persconferentie	671
roepen	671
poel	670
reizen	670
schoot	670
techniek	670
vlaams belang	670
maatschappij	668
nationaal	668
opleiding	668
pieter	668
voeten	668
vliegen	667
behouden	666
letterlijk	666
londen	666
écht	666
amerikanen	665
dinsdagavond	665
eventuele	665
mercedes	665
rechten	665
aangifte	664
km	664
maandagavond	664
opgelopen	664
bijdrage	663
bureau	663
kleding	663
missen	663
sommigen	663
veertig	663
degelijk	662
rechtszaak	662
achtste	661
geleverd	661
verzoek	661
